,Cell,SPEI,lat,lon
1, 46.750000  48.250000,1.6857,48.250000, 46.75000
2, 46.750000  48.750000,1.7245,48.750000, 46.75000
3, 46.750000  49.250000,1.57,49.250000, 46.75000
4, 46.750000  49.750000,1.5624,49.750000, 46.75000
5, 47.250000  47.750000,1.792,47.750000, 47.25000
6, 47.250000  48.250000,1.5507,48.250000, 47.25000
7, 47.250000  48.750000,1.4819,48.750000, 47.25000
8, 47.250000  49.250000,1.383,49.250000, 47.25000
9, 47.250000  49.750000,1.4481,49.750000, 47.25000
10, 47.250000  50.250000,1.5108,50.250000, 47.25000
11, 47.750000  47.750000,1.4922,47.750000, 47.75000
12, 47.750000  48.250000,1.4864,48.250000, 47.75000
13, 47.750000  48.750000,1.6329,48.750000, 47.75000
14, 47.750000  49.250000,1.309,49.250000, 47.75000
15, 47.750000  49.750000,1.5692,49.750000, 47.75000
16, 47.750000  50.250000,1.5599,50.250000, 47.75000
17, 48.250000  47.750000,1.4626,47.750000, 48.25000
18, 48.250000  48.250000,1.3689,48.250000, 48.25000
19, 48.250000  48.750000,1.274,48.750000, 48.25000
20, 48.250000  49.250000,1.3533,49.250000, 48.25000
21, 48.250000  49.750000,1.3452,49.750000, 48.25000
22, 48.250000  50.250000,1.4599,50.250000, 48.25000
23, 48.250000  50.750000,1.5153,50.750000, 48.25000
24, 48.750000  46.250000,0.82993,46.250000, 48.75000
25, 48.750000  46.750000,1.043,46.750000, 48.75000
26, 48.750000  47.250000,1.2837,47.250000, 48.75000
27, 48.750000  47.750000,1.4506,47.750000, 48.75000
28, 48.750000  48.250000,1.3839,48.250000, 48.75000
29, 48.750000  48.750000,1.2961,48.750000, 48.75000
30, 48.750000  49.250000,1.347,49.250000, 48.75000
31, 48.750000  49.750000,1.4765,49.750000, 48.75000
32, 48.750000  50.250000,1.4171,50.250000, 48.75000
33, 48.750000  50.750000,1.437,50.750000, 48.75000
34, 49.250000  46.750000,0.88554,46.750000, 49.25000
35, 49.250000  47.250000,1.1748,47.250000, 49.25000
36, 49.250000  47.750000,1.1701,47.750000, 49.25000
37, 49.250000  48.250000,1.0176,48.250000, 49.25000
38, 49.250000  48.750000,1.1597,48.750000, 49.25000
39, 49.250000  49.250000,1.2634,49.250000, 49.25000
40, 49.250000  49.750000,1.2643,49.750000, 49.25000
41, 49.250000  50.250000,1.2462,50.250000, 49.25000
42, 49.250000  50.750000,1.3774,50.750000, 49.25000
43, 49.750000  46.750000,0.71376,46.750000, 49.75000
44, 49.750000  47.250000,0.72651,47.250000, 49.75000
45, 49.750000  47.750000,1.0929,47.750000, 49.75000
46, 49.750000  48.250000,0.94459,48.250000, 49.75000
47, 49.750000  48.750000,1.1539,48.750000, 49.75000
48, 49.750000  49.250000,1.3096,49.250000, 49.75000
49, 49.750000  49.750000,1.2429,49.750000, 49.75000
50, 49.750000  50.250000,1.1965,50.250000, 49.75000
51, 49.750000  50.750000,1.4321,50.750000, 49.75000
52, 49.750000  51.250000,1.473,51.250000, 49.75000
53, 50.250000  44.250000,0.0054064,44.250000, 50.25000
54, 50.250000  44.750000,-0.20416,44.750000, 50.25000
55, 50.250000  46.750000,0.62468,46.750000, 50.25000
56, 50.250000  47.250000,0.76733,47.250000, 50.25000
57, 50.250000  47.750000,0.89399,47.750000, 50.25000
58, 50.250000  48.250000,1.1942,48.250000, 50.25000
59, 50.250000  48.750000,1.0919,48.750000, 50.25000
60, 50.250000  49.250000,1.197,49.250000, 50.25000
61, 50.250000  49.750000,1.1311,49.750000, 50.25000
62, 50.250000  50.250000,1.1641,50.250000, 50.25000
63, 50.250000  50.750000,1.3285,50.750000, 50.25000
64, 50.250000  51.250000,1.3111,51.250000, 50.25000
65, 50.750000  44.250000,0.066069,44.250000, 50.75000
66, 50.750000  44.750000,-0.085746,44.750000, 50.75000
67, 50.750000  47.250000,0.75897,47.250000, 50.75000
68, 50.750000  47.750000,0.86031,47.750000, 50.75000
69, 50.750000  48.250000,0.89919,48.250000, 50.75000
70, 50.750000  48.750000,1.0025,48.750000, 50.75000
71, 50.750000  49.250000,1.1056,49.250000, 50.75000
72, 50.750000  49.750000,1.0808,49.750000, 50.75000
73, 50.750000  50.250000,1.2701,50.250000, 50.75000
74, 50.750000  50.750000,1.3478,50.750000, 50.75000
75, 50.750000  51.250000,1.2378,51.250000, 50.75000
76, 50.750000  51.750000,1.3779,51.750000, 50.75000
77, 51.250000  44.250000,-0.082061,44.250000, 51.25000
78, 51.250000  44.750000,-0.39912,44.750000, 51.25000
79, 51.250000  47.250000,0.71381,47.250000, 51.25000
80, 51.250000  47.750000,0.83421,47.750000, 51.25000
81, 51.250000  48.250000,0.8068,48.250000, 51.25000
82, 51.250000  48.750000,1.1655,48.750000, 51.25000
83, 51.250000  49.250000,1.068,49.250000, 51.25000
84, 51.250000  49.750000,1.2327,49.750000, 51.25000
85, 51.250000  50.250000,1.2164,50.250000, 51.25000
86, 51.250000  50.750000,1.1902,50.750000, 51.25000
87, 51.250000  51.250000,1.4436,51.250000, 51.25000
88, 51.250000  51.750000,1.2547,51.750000, 51.25000
89, 51.750000  42.750000,0.34205,42.750000, 51.75000
90, 51.750000  43.250000,-0.12556,43.250000, 51.75000
91, 51.750000  43.750000,0.21105,43.750000, 51.75000
92, 51.750000  44.250000,0.13175,44.250000, 51.75000
93, 51.750000  44.750000,-0.35228,44.750000, 51.75000
94, 51.750000  45.250000,-0.39868,45.250000, 51.75000
95, 51.750000  47.250000,0.66432,47.250000, 51.75000
96, 51.750000  47.750000,0.70127,47.750000, 51.75000
97, 51.750000  48.250000,0.75645,48.250000, 51.75000
98, 51.750000  48.750000,1.0541,48.750000, 51.75000
99, 51.750000  49.250000,1.1017,49.250000, 51.75000
100, 51.750000  49.750000,1.0297,49.750000, 51.75000
101, 51.750000  50.250000,1.243,50.250000, 51.75000
102, 51.750000  50.750000,1.2401,50.750000, 51.75000
103, 51.750000  51.250000,1.3833,51.250000, 51.75000
104, 51.750000  51.750000,1.2315,51.750000, 51.75000
105, 52.250000  42.250000,0.28332,42.250000, 52.25000
106, 52.250000  42.750000,0.033767,42.750000, 52.25000
107, 52.250000  43.250000,-0.349,43.250000, 52.25000
108, 52.250000  43.750000,0.15441,43.750000, 52.25000
109, 52.250000  44.250000,0.11796,44.250000, 52.25000
110, 52.250000  44.750000,0.076472,44.750000, 52.25000
111, 52.250000  45.250000,-0.1764,45.250000, 52.25000
112, 52.250000  45.750000,0.2128,45.750000, 52.25000
113, 52.250000  47.250000,0.91274,47.250000, 52.25000
114, 52.250000  47.750000,0.68818,47.750000, 52.25000
115, 52.250000  48.250000,0.68109,48.250000, 52.25000
116, 52.250000  48.750000,1.0785,48.750000, 52.25000
117, 52.250000  49.250000,1.0154,49.250000, 52.25000
118, 52.250000  49.750000,0.97314,49.750000, 52.25000
119, 52.250000  50.250000,1.1676,50.250000, 52.25000
120, 52.250000  50.750000,1.3579,50.750000, 52.25000
121, 52.250000  51.250000,1.4012,51.250000, 52.25000
122, 52.250000  51.750000,0.98402,51.750000, 52.25000
123, 52.750000  41.750000,-0.15816,41.750000, 52.75000
124, 52.750000  42.250000,-0.20795,42.250000, 52.75000
125, 52.750000  42.750000,-0.065909,42.750000, 52.75000
126, 52.750000  43.250000,-0.20587,43.250000, 52.75000
127, 52.750000  43.750000,-0.38523,43.750000, 52.75000
128, 52.750000  44.250000,-0.10442,44.250000, 52.75000
129, 52.750000  44.750000,-0.023786,44.750000, 52.75000
130, 52.750000  45.250000,-0.22785,45.250000, 52.75000
131, 52.750000  45.750000,0.45571,45.750000, 52.75000
132, 52.750000  47.250000,0.78901,47.250000, 52.75000
133, 52.750000  47.750000,0.8799,47.750000, 52.75000
134, 52.750000  48.250000,0.63271,48.250000, 52.75000
135, 52.750000  48.750000,1.0653,48.750000, 52.75000
136, 52.750000  49.250000,1.2478,49.250000, 52.75000
137, 52.750000  49.750000,1.1904,49.750000, 52.75000
138, 52.750000  50.250000,1.1254,50.250000, 52.75000
139, 52.750000  50.750000,1.3794,50.750000, 52.75000
140, 52.750000  51.250000,1.301,51.250000, 52.75000
141, 53.250000  41.750000,-0.44334,41.750000, 53.25000
142, 53.250000  42.250000,-0.29892,42.250000, 53.25000
143, 53.250000  42.750000,-0.40316,42.750000, 53.25000
144, 53.250000  43.250000,-0.24576,43.250000, 53.25000
145, 53.250000  43.750000,0.095614,43.750000, 53.25000
146, 53.250000  44.250000,-0.049025,44.250000, 53.25000
147, 53.250000  44.750000,-0.24243,44.750000, 53.25000
148, 53.250000  45.250000,-0.28184,45.250000, 53.25000
149, 53.250000  45.750000,-0.0075373,45.750000, 53.25000
150, 53.250000  46.250000,0.77479,46.250000, 53.25000
151, 53.250000  46.750000,0.89016,46.750000, 53.25000
152, 53.250000  47.250000,0.96138,47.250000, 53.25000
153, 53.250000  47.750000,0.96352,47.750000, 53.25000
154, 53.250000  48.250000,0.66836,48.250000, 53.25000
155, 53.250000  48.750000,1.0926,48.750000, 53.25000
156, 53.250000  49.250000,0.99449,49.250000, 53.25000
157, 53.250000  49.750000,1.2127,49.750000, 53.25000
158, 53.250000  50.250000,1.3327,50.250000, 53.25000
159, 53.250000  50.750000,1.3306,50.750000, 53.25000
160, 53.250000  51.250000,1.2185,51.250000, 53.25000
161, 53.750000  42.250000,-0.3182,42.250000, 53.75000
162, 53.750000  42.750000,-0.20233,42.750000, 53.75000
163, 53.750000  43.250000,-0.27784,43.250000, 53.75000
164, 53.750000  43.750000,0.058665,43.750000, 53.75000
165, 53.750000  44.250000,0.25731,44.250000, 53.75000
166, 53.750000  44.750000,0.29229,44.750000, 53.75000
167, 53.750000  45.250000,-0.052052,45.250000, 53.75000
168, 53.750000  45.750000,0.032375,45.750000, 53.75000
169, 53.750000  46.250000,0.64484,46.250000, 53.75000
170, 53.750000  46.750000,0.75196,46.750000, 53.75000
171, 53.750000  47.250000,0.82663,47.250000, 53.75000
172, 53.750000  47.750000,1.029,47.750000, 53.75000
173, 53.750000  48.250000,0.80972,48.250000, 53.75000
174, 53.750000  48.750000,0.83017,48.750000, 53.75000
175, 53.750000  49.250000,1.0388,49.250000, 53.75000
176, 53.750000  49.750000,1.1562,49.750000, 53.75000
177, 53.750000  50.250000,1.3016,50.250000, 53.75000
178, 53.750000  50.750000,1.223,50.750000, 53.75000
179, 53.750000  51.250000,1.2239,51.250000, 53.75000
180, 54.250000  42.250000,-0.14525,42.250000, 54.25000
181, 54.250000  42.750000,-0.47629,42.750000, 54.25000
182, 54.250000  43.250000,-0.15697,43.250000, 54.25000
183, 54.250000  43.750000,0.066935,43.750000, 54.25000
184, 54.250000  44.250000,0.31691,44.250000, 54.25000
185, 54.250000  44.750000,0.31675,44.750000, 54.25000
186, 54.250000  45.250000,-0.046263,45.250000, 54.25000
187, 54.250000  45.750000,0.26906,45.750000, 54.25000
188, 54.250000  46.250000,0.31981,46.250000, 54.25000
189, 54.250000  46.750000,0.76573,46.750000, 54.25000
190, 54.250000  47.250000,0.76769,47.250000, 54.25000
191, 54.250000  47.750000,0.98511,47.750000, 54.25000
192, 54.250000  48.250000,1.1129,48.250000, 54.25000
193, 54.250000  48.750000,0.9991,48.750000, 54.25000
194, 54.250000  49.250000,0.95113,49.250000, 54.25000
195, 54.250000  49.750000,1.364,49.750000, 54.25000
196, 54.250000  50.250000,1.3373,50.250000, 54.25000
197, 54.250000  50.750000,1.1467,50.750000, 54.25000
198, 54.750000  41.750000,0.094507,41.750000, 54.75000
199, 54.750000  42.250000,0.32485,42.250000, 54.75000
200, 54.750000  42.750000,-0.44118,42.750000, 54.75000
201, 54.750000  43.250000,-0.014183,43.250000, 54.75000
202, 54.750000  43.750000,0.063395,43.750000, 54.75000
203, 54.750000  44.250000,0.46703,44.250000, 54.75000
204, 54.750000  44.750000,0.39097,44.750000, 54.75000
205, 54.750000  45.250000,0.11918,45.250000, 54.75000
206, 54.750000  45.750000,0.41711,45.750000, 54.75000
207, 54.750000  46.250000,0.37211,46.250000, 54.75000
208, 54.750000  46.750000,0.86975,46.750000, 54.75000
209, 54.750000  47.250000,0.84939,47.250000, 54.75000
210, 54.750000  47.750000,0.854,47.750000, 54.75000
211, 54.750000  48.250000,1.1289,48.250000, 54.75000
212, 54.750000  48.750000,1.1119,48.750000, 54.75000
213, 54.750000  49.250000,1.0172,49.250000, 54.75000
214, 54.750000  49.750000,1.2641,49.750000, 54.75000
215, 54.750000  50.250000,1.3959,50.250000, 54.75000
216, 54.750000  50.750000,1.189,50.750000, 54.75000
217, 55.250000  41.250000,-0.24907,41.250000, 55.25000
218, 55.250000  41.750000,-0.17498,41.750000, 55.25000
219, 55.250000  42.250000,0.087496,42.250000, 55.25000
220, 55.250000  42.750000,-0.069149,42.750000, 55.25000
221, 55.250000  43.250000,0.32336,43.250000, 55.25000
222, 55.250000  43.750000,0.58599,43.750000, 55.25000
223, 55.250000  44.250000,0.33284,44.250000, 55.25000
224, 55.250000  44.750000,0.3046,44.750000, 55.25000
225, 55.250000  45.250000,0.36547,45.250000, 55.25000
226, 55.250000  45.750000,0.37552,45.750000, 55.25000
227, 55.250000  46.250000,0.1482,46.250000, 55.25000
228, 55.250000  46.750000,0.13493,46.750000, 55.25000
229, 55.250000  47.250000,0.84065,47.250000, 55.25000
230, 55.250000  47.750000,1.0583,47.750000, 55.25000
231, 55.250000  48.250000,1.1106,48.250000, 55.25000
232, 55.250000  48.750000,1.3105,48.750000, 55.25000
233, 55.250000  49.250000,1.3183,49.250000, 55.25000
234, 55.250000  49.750000,1.3062,49.750000, 55.25000
235, 55.250000  50.250000,1.3688,50.250000, 55.25000
236, 55.250000  50.750000,1.1206,50.750000, 55.25000
237, 55.750000  41.250000,-0.4575,41.250000, 55.75000
238, 55.750000  41.750000,-0.21094,41.750000, 55.75000
239, 55.750000  42.250000,-0.10498,42.250000, 55.75000
240, 55.750000  42.750000,0.036549,42.750000, 55.75000
241, 55.750000  43.250000,0.20106,43.250000, 55.75000
242, 55.750000  43.750000,0.52042,43.750000, 55.75000
243, 55.750000  44.250000,0.32545,44.250000, 55.75000
244, 55.750000  44.750000,0.48937,44.750000, 55.75000
245, 55.750000  45.250000,0.5617,45.250000, 55.75000
246, 55.750000  45.750000,0.55199,45.750000, 55.75000
247, 55.750000  46.250000,0.36439,46.250000, 55.75000
248, 55.750000  46.750000,0.4037,46.750000, 55.75000
249, 55.750000  47.250000,0.86786,47.250000, 55.75000
250, 55.750000  47.750000,1.0459,47.750000, 55.75000
251, 55.750000  48.250000,1.1541,48.250000, 55.75000
252, 55.750000  48.750000,1.3047,48.750000, 55.75000
253, 55.750000  49.250000,1.3573,49.250000, 55.75000
254, 55.750000  49.750000,1.3102,49.750000, 55.75000
255, 55.750000  50.250000,1.4242,50.250000, 55.75000
256, 55.750000  50.750000,1.2569,50.750000, 55.75000
257, 56.250000  41.250000,-0.64156,41.250000, 56.25000
258, 56.250000  41.750000,-0.5259,41.750000, 56.25000
259, 56.250000  42.250000,-0.024109,42.250000, 56.25000
260, 56.250000  42.750000,0.089963,42.750000, 56.25000
261, 56.250000  43.250000,0.1666,43.250000, 56.25000
262, 56.250000  43.750000,0.42296,43.750000, 56.25000
263, 56.250000  44.250000,0.20354,44.250000, 56.25000
264, 56.250000  44.750000,0.23264,44.750000, 56.25000
265, 56.250000  45.250000,0.5539,45.250000, 56.25000
266, 56.250000  45.750000,0.62551,45.750000, 56.25000
267, 56.250000  46.250000,0.34431,46.250000, 56.25000
268, 56.250000  46.750000,0.42944,46.750000, 56.25000
269, 56.250000  47.250000,0.59972,47.250000, 56.25000
270, 56.250000  47.750000,1.0294,47.750000, 56.25000
271, 56.250000  48.250000,1.1012,48.250000, 56.25000
272, 56.250000  48.750000,1.3747,48.750000, 56.25000
273, 56.250000  49.250000,1.3469,49.250000, 56.25000
274, 56.250000  49.750000,1.298,49.750000, 56.25000
275, 56.250000  50.250000,1.4127,50.250000, 56.25000
276, 56.250000  50.750000,1.3444,50.750000, 56.25000
277, 56.750000  44.750000,0.36336,44.750000, 56.75000
278, 56.750000  45.250000,0.46876,45.250000, 56.75000
279, 56.750000  45.750000,0.54246,45.750000, 56.75000
280, 56.750000  46.250000,0.54696,46.250000, 56.75000
281, 56.750000  46.750000,0.4855,46.750000, 56.75000
282, 56.750000  47.250000,0.59094,47.250000, 56.75000
283, 56.750000  47.750000,1.019,47.750000, 56.75000
284, 56.750000  48.250000,1.2524,48.250000, 56.75000
285, 56.750000  48.750000,1.2888,48.750000, 56.75000
286, 56.750000  49.250000,1.4898,49.250000, 56.75000
287, 56.750000  49.750000,1.3459,49.750000, 56.75000
288, 56.750000  50.250000,1.4931,50.250000, 56.75000
289, 56.750000  50.750000,1.4235,50.750000, 56.75000
290, 57.250000  45.250000,0.62989,45.250000, 57.25000
291, 57.250000  45.750000,0.75163,45.750000, 57.25000
292, 57.250000  46.250000,0.82618,46.250000, 57.25000
293, 57.250000  46.750000,0.38726,46.750000, 57.25000
294, 57.250000  47.250000,0.76632,47.250000, 57.25000
295, 57.250000  47.750000,0.59368,47.750000, 57.25000
296, 57.250000  48.250000,1.1453,48.250000, 57.25000
297, 57.250000  48.750000,1.2634,48.750000, 57.25000
298, 57.250000  49.250000,1.5267,49.250000, 57.25000
299, 57.250000  49.750000,1.5466,49.750000, 57.25000
300, 57.250000  50.250000,1.4831,50.250000, 57.25000
301, 57.250000  50.750000,1.4167,50.750000, 57.25000
302, 57.750000  45.250000,0.80068,45.250000, 57.75000
303, 57.750000  45.750000,0.66877,45.750000, 57.75000
304, 57.750000  46.250000,0.73466,46.250000, 57.75000
305, 57.750000  46.750000,0.34364,46.750000, 57.75000
306, 57.750000  47.250000,0.70008,47.250000, 57.75000
307, 57.750000  47.750000,0.76242,47.750000, 57.75000
308, 57.750000  48.250000,1.2999,48.250000, 57.75000
309, 57.750000  48.750000,1.1954,48.750000, 57.75000
310, 57.750000  49.250000,1.4636,49.250000, 57.75000
311, 57.750000  49.750000,1.324,49.750000, 57.75000
312, 57.750000  50.250000,1.6636,50.250000, 57.75000
313, 57.750000  50.750000,1.5223,50.750000, 57.75000
314, 58.250000  45.250000,0.74826,45.250000, 58.25000
315, 58.250000  45.750000,0.87738,45.750000, 58.25000
316, 58.250000  46.250000,0.6493,46.250000, 58.25000
317, 58.250000  46.750000,0.81829,46.750000, 58.25000
318, 58.250000  47.250000,0.59526,47.250000, 58.25000
319, 58.250000  47.750000,0.59584,47.750000, 58.25000
320, 58.250000  48.250000,1.1954,48.250000, 58.25000
321, 58.250000  48.750000,1.2346,48.750000, 58.25000
322, 58.250000  49.250000,1.4947,49.250000, 58.25000
323, 58.250000  49.750000,1.5696,49.750000, 58.25000
324, 58.250000  50.250000,1.7276,50.250000, 58.25000
325, 58.250000  50.750000,1.5759,50.750000, 58.25000
326, 58.750000  45.250000,0.77153,45.250000, 58.75000
327, 58.750000  45.750000,0.91848,45.750000, 58.75000
328, 58.750000  46.250000,0.8983,46.250000, 58.75000
329, 58.750000  46.750000,0.65322,46.750000, 58.75000
330, 58.750000  47.250000,0.81174,47.250000, 58.75000
331, 58.750000  47.750000,0.95836,47.750000, 58.75000
332, 58.750000  48.250000,0.83188,48.250000, 58.75000
333, 58.750000  48.750000,1.422,48.750000, 58.75000
334, 58.750000  49.250000,1.3166,49.250000, 58.75000
335, 58.750000  49.750000,1.7257,49.750000, 58.75000
336, 58.750000  50.250000,1.797,50.250000, 58.75000
337, 58.750000  50.750000,1.6337,50.750000, 58.75000
338, 59.250000  44.750000,0.48903,44.750000, 59.25000
339, 59.250000  45.250000,0.48086,45.250000, 59.25000
340, 59.250000  45.750000,0.78133,45.750000, 59.25000
341, 59.250000  46.250000,0.99123,46.250000, 59.25000
342, 59.250000  46.750000,0.95348,46.750000, 59.25000
343, 59.250000  47.250000,0.7267,47.250000, 59.25000
344, 59.250000  47.750000,1.0139,47.750000, 59.25000
345, 59.250000  48.250000,1.1321,48.250000, 59.25000
346, 59.250000  48.750000,1.375,48.750000, 59.25000
347, 59.250000  49.250000,1.5778,49.250000, 59.25000
348, 59.250000  49.750000,1.6648,49.750000, 59.25000
349, 59.250000  50.250000,1.6172,50.250000, 59.25000
350, 59.750000  44.750000,0.46646,44.750000, 59.75000
351, 59.750000  45.250000,0.49557,45.250000, 59.75000
352, 59.750000  45.750000,0.79005,45.750000, 59.75000
353, 59.750000  46.250000,0.91744,46.250000, 59.75000
354, 59.750000  46.750000,0.91668,46.750000, 59.75000
355, 59.750000  47.250000,0.96009,47.250000, 59.75000
356, 59.750000  47.750000,1.0935,47.750000, 59.75000
357, 59.750000  48.250000,1.0908,48.250000, 59.75000
358, 59.750000  48.750000,1.5297,48.750000, 59.75000
359, 59.750000  49.250000,1.3623,49.250000, 59.75000
360, 59.750000  49.750000,1.5209,49.750000, 59.75000
361, 59.750000  50.250000,1.7304,50.250000, 59.75000
362, 59.750000  50.750000,1.943,50.750000, 59.75000
363, 60.250000  44.250000,-0.01921,44.250000, 60.25000
364, 60.250000  44.750000,0.71039,44.750000, 60.25000
365, 60.250000  45.250000,0.69797,45.250000, 60.25000
366, 60.250000  45.750000,0.72749,45.750000, 60.25000
367, 60.250000  46.250000,0.71987,46.250000, 60.25000
368, 60.250000  46.750000,0.88932,46.750000, 60.25000
369, 60.250000  47.250000,0.84575,47.250000, 60.25000
370, 60.250000  47.750000,1.1439,47.750000, 60.25000
371, 60.250000  48.250000,1.3546,48.250000, 60.25000
372, 60.250000  48.750000,1.4946,48.750000, 60.25000
373, 60.250000  49.250000,1.1917,49.250000, 60.25000
374, 60.250000  49.750000,1.4696,49.750000, 60.25000
375, 60.250000  50.250000,1.8044,50.250000, 60.25000
376, 60.250000  50.750000,1.8804,50.750000, 60.25000
377, 60.250000  51.250000,1.6887,51.250000, 60.25000
378, 60.250000  51.750000,1.1984,51.750000, 60.25000
379, 60.250000  52.250000,1.6534,52.250000, 60.25000
380, 60.750000  44.250000,-0.055284,44.250000, 60.75000
381, 60.750000  44.750000,0.38099,44.750000, 60.75000
382, 60.750000  45.250000,0.71295,45.250000, 60.75000
383, 60.750000  45.750000,0.91388,45.750000, 60.75000
384, 60.750000  46.250000,0.89455,46.250000, 60.75000
385, 60.750000  46.750000,0.86145,46.750000, 60.75000
386, 60.750000  47.250000,1.1414,47.250000, 60.75000
387, 60.750000  47.750000,1.0429,47.750000, 60.75000
388, 60.750000  48.250000,1.2469,48.250000, 60.75000
389, 60.750000  48.750000,1.3574,48.750000, 60.75000
390, 60.750000  49.250000,0.98701,49.250000, 60.75000
391, 60.750000  49.750000,1.2955,49.750000, 60.75000
392, 60.750000  50.250000,1.3526,50.250000, 60.75000
393, 60.750000  50.750000,1.783,50.750000, 60.75000
394, 60.750000  51.250000,1.5825,51.250000, 60.75000
395, 60.750000  51.750000,1.6329,51.750000, 60.75000
396, 60.750000  52.250000,1.5768,52.250000, 60.75000
397, 60.750000  52.750000,1.647,52.750000, 60.75000
398, 60.750000  53.250000,1.5985,53.250000, 60.75000
399, 60.750000  53.750000,1.5386,53.750000, 60.75000
400, 60.750000  54.250000,1.4372,54.250000, 60.75000
401, 61.250000  43.250000,-0.278,43.250000, 61.25000
402, 61.250000  43.750000,-0.22544,43.750000, 61.25000
403, 61.250000  44.250000,0.014412,44.250000, 61.25000
404, 61.250000  44.750000,0.17413,44.750000, 61.25000
405, 61.250000  45.250000,0.42031,45.250000, 61.25000
406, 61.250000  45.750000,0.76286,45.750000, 61.25000
407, 61.250000  46.250000,0.69774,46.250000, 61.25000
408, 61.250000  46.750000,1.1504,46.750000, 61.25000
409, 61.250000  47.250000,0.79135,47.250000, 61.25000
410, 61.250000  47.750000,1.0036,47.750000, 61.25000
411, 61.250000  48.250000,1.1102,48.250000, 61.25000
412, 61.250000  48.750000,1.2839,48.750000, 61.25000
413, 61.250000  49.250000,0.97608,49.250000, 61.25000
414, 61.250000  49.750000,0.65466,49.750000, 61.25000
415, 61.250000  50.250000,0.97838,50.250000, 61.25000
416, 61.250000  50.750000,1.2779,50.750000, 61.25000
417, 61.250000  51.250000,1.4495,51.250000, 61.25000
418, 61.250000  51.750000,1.669,51.750000, 61.25000
419, 61.250000  52.250000,1.7268,52.250000, 61.25000
420, 61.250000  52.750000,1.5794,52.750000, 61.25000
421, 61.250000  53.250000,1.6318,53.250000, 61.25000
422, 61.250000  53.750000,1.671,53.750000, 61.25000
423, 61.250000  54.250000,1.5329,54.250000, 61.25000
424, 61.750000  43.250000,-0.25818,43.250000, 61.75000
425, 61.750000  43.750000,-0.18124,43.750000, 61.75000
426, 61.750000  44.250000,0.054218,44.250000, 61.75000
427, 61.750000  44.750000,0.15305,44.750000, 61.75000
428, 61.750000  45.250000,0.58961,45.250000, 61.75000
429, 61.750000  45.750000,0.5457,45.750000, 61.75000
430, 61.750000  46.250000,0.75652,46.250000, 61.75000
431, 61.750000  46.750000,0.97955,46.750000, 61.75000
432, 61.750000  47.250000,0.90745,47.250000, 61.75000
433, 61.750000  47.750000,0.96967,47.750000, 61.75000
434, 61.750000  48.250000,1.1128,48.250000, 61.75000
435, 61.750000  48.750000,0.94146,48.750000, 61.75000
436, 61.750000  49.250000,0.91887,49.250000, 61.75000
437, 61.750000  49.750000,0.55196,49.750000, 61.75000
438, 61.750000  50.250000,0.90479,50.250000, 61.75000
439, 61.750000  50.750000,1.2181,50.750000, 61.75000
440, 61.750000  51.250000,1.7797,51.250000, 61.75000
441, 61.750000  51.750000,1.7818,51.750000, 61.75000
442, 61.750000  52.250000,1.7513,52.250000, 61.75000
443, 61.750000  52.750000,1.7819,52.750000, 61.75000
444, 61.750000  53.250000,1.7795,53.250000, 61.75000
445, 61.750000  53.750000,1.6697,53.750000, 61.75000
446, 61.750000  54.250000,1.5626,54.250000, 61.75000
447, 62.250000  43.250000,-0.18176,43.250000, 62.25000
448, 62.250000  43.750000,-0.18803,43.750000, 62.25000
449, 62.250000  44.250000,0.12648,44.250000, 62.25000
450, 62.250000  44.750000,0.1265,44.750000, 62.25000
451, 62.250000  45.250000,0.34196,45.250000, 62.25000
452, 62.250000  45.750000,0.40509,45.750000, 62.25000
453, 62.250000  46.250000,0.78771,46.250000, 62.25000
454, 62.250000  46.750000,0.67526,46.750000, 62.25000
455, 62.250000  47.250000,1.02,47.250000, 62.25000
456, 62.250000  47.750000,0.89239,47.750000, 62.25000
457, 62.250000  48.250000,1.3099,48.250000, 62.25000
458, 62.250000  48.750000,1.3002,48.750000, 62.25000
459, 62.250000  49.250000,1.129,49.250000, 62.25000
460, 62.250000  49.750000,0.52225,49.750000, 62.25000
461, 62.250000  50.250000,0.75545,50.250000, 62.25000
462, 62.250000  50.750000,1.3896,50.750000, 62.25000
463, 62.250000  51.250000,1.7729,51.250000, 62.25000
464, 62.250000  51.750000,1.9169,51.750000, 62.25000
465, 62.250000  52.250000,1.6598,52.250000, 62.25000
466, 62.250000  52.750000,1.8013,52.750000, 62.25000
467, 62.250000  53.250000,1.7767,53.250000, 62.25000
468, 62.250000  53.750000,1.6306,53.750000, 62.25000
469, 62.250000  54.250000,1.6636,54.250000, 62.25000
470, 62.750000  43.250000,-0.51464,43.250000, 62.75000
471, 62.750000  43.750000,-0.072868,43.750000, 62.75000
472, 62.750000  44.250000,-0.094816,44.250000, 62.75000
473, 62.750000  44.750000,0.16516,44.750000, 62.75000
474, 62.750000  45.250000,0.44931,45.250000, 62.75000
475, 62.750000  45.750000,0.46659,45.750000, 62.75000
476, 62.750000  46.250000,0.62078,46.250000, 62.75000
477, 62.750000  46.750000,0.85971,46.750000, 62.75000
478, 62.750000  47.250000,0.74341,47.250000, 62.75000
479, 62.750000  47.750000,0.84053,47.750000, 62.75000
480, 62.750000  48.250000,1.1078,48.250000, 62.75000
481, 62.750000  48.750000,1.1019,48.750000, 62.75000
482, 62.750000  49.250000,1.039,49.250000, 62.75000
483, 62.750000  49.750000,0.77456,49.750000, 62.75000
484, 62.750000  50.250000,0.7793,50.250000, 62.75000
485, 62.750000  50.750000,1.2748,50.750000, 62.75000
486, 62.750000  51.250000,1.9753,51.250000, 62.75000
487, 62.750000  51.750000,1.8066,51.750000, 62.75000
488, 62.750000  52.250000,1.6855,52.250000, 62.75000
489, 62.750000  52.750000,1.7492,52.750000, 62.75000
490, 62.750000  53.250000,1.8031,53.250000, 62.75000
491, 62.750000  53.750000,1.7684,53.750000, 62.75000
492, 62.750000  54.250000,1.7909,54.250000, 62.75000
493, 63.250000  43.250000,-0.32816,43.250000, 63.25000
494, 63.250000  43.750000,-0.3,43.750000, 63.25000
495, 63.250000  44.250000,-0.13555,44.250000, 63.25000
496, 63.250000  44.750000,0.10786,44.750000, 63.25000
497, 63.250000  45.250000,0.39312,45.250000, 63.25000
498, 63.250000  45.750000,0.41776,45.750000, 63.25000
499, 63.250000  46.250000,0.60082,46.250000, 63.25000
500, 63.250000  46.750000,0.59333,46.750000, 63.25000
501, 63.250000  47.250000,0.78153,47.250000, 63.25000
502, 63.250000  47.750000,1.2133,47.750000, 63.25000
503, 63.250000  48.250000,1.2149,48.250000, 63.25000
504, 63.250000  48.750000,1.5401,48.750000, 63.25000
505, 63.250000  49.250000,0.75152,49.250000, 63.25000
506, 63.250000  49.750000,0.35768,49.750000, 63.25000
507, 63.250000  50.250000,0.95497,50.250000, 63.25000
508, 63.250000  50.750000,1.5044,50.750000, 63.25000
509, 63.250000  51.250000,1.9569,51.250000, 63.25000
510, 63.250000  51.750000,2.0653,51.750000, 63.25000
511, 63.250000  52.250000,1.6954,52.250000, 63.25000
512, 63.250000  52.750000,1.493,52.750000, 63.25000
513, 63.250000  53.250000,1.9699,53.250000, 63.25000
514, 63.250000  53.750000,1.743,53.750000, 63.25000
515, 63.250000  54.250000,1.7698,54.250000, 63.25000
516, 63.750000  43.250000,-0.30726,43.250000, 63.75000
517, 63.750000  43.750000,-0.21694,43.750000, 63.75000
518, 63.750000  44.250000,-0.01668,44.250000, 63.75000
519, 63.750000  44.750000,0.19267,44.750000, 63.75000
520, 63.750000  45.250000,0.4531,45.250000, 63.75000
521, 63.750000  45.750000,0.72937,45.750000, 63.75000
522, 63.750000  46.250000,0.59049,46.250000, 63.75000
523, 63.750000  46.750000,0.62315,46.750000, 63.75000
524, 63.750000  47.250000,1.2429,47.250000, 63.75000
525, 63.750000  47.750000,1.5394,47.750000, 63.75000
526, 63.750000  48.250000,1.578,48.250000, 63.75000
527, 63.750000  48.750000,1.584,48.750000, 63.75000
528, 63.750000  49.250000,0.71364,49.250000, 63.75000
529, 63.750000  49.750000,0.7524,49.750000, 63.75000
530, 63.750000  50.250000,0.95714,50.250000, 63.75000
531, 63.750000  50.750000,1.8868,50.750000, 63.75000
532, 63.750000  51.250000,1.9653,51.250000, 63.75000
533, 63.750000  51.750000,2.1545,51.750000, 63.75000
534, 63.750000  52.250000,1.9791,52.250000, 63.75000
535, 63.750000  52.750000,1.6416,52.750000, 63.75000
536, 63.750000  53.250000,1.7941,53.250000, 63.75000
537, 63.750000  53.750000,1.7644,53.750000, 63.75000
538, 63.750000  54.250000,1.762,54.250000, 63.75000
539, 64.250000  43.250000,-0.38012,43.250000, 64.25000
540, 64.250000  43.750000,-0.16518,43.750000, 64.25000
541, 64.250000  44.250000,-0.19592,44.250000, 64.25000
542, 64.250000  44.750000,0.22903,44.750000, 64.25000
543, 64.250000  45.250000,0.31309,45.250000, 64.25000
544, 64.250000  45.750000,0.49236,45.750000, 64.25000
545, 64.250000  46.250000,0.70111,46.250000, 64.25000
546, 64.250000  46.750000,0.60352,46.750000, 64.25000
547, 64.250000  47.250000,0.75381,47.250000, 64.25000
548, 64.250000  47.750000,1.6395,47.750000, 64.25000
549, 64.250000  48.250000,1.3394,48.250000, 64.25000
550, 64.250000  48.750000,1.3115,48.750000, 64.25000
551, 64.250000  49.250000,1.1119,49.250000, 64.25000
552, 64.250000  49.750000,0.55724,49.750000, 64.25000
553, 64.250000  50.250000,1.2427,50.250000, 64.25000
554, 64.250000  50.750000,1.5218,50.750000, 64.25000
555, 64.250000  51.250000,1.7916,51.250000, 64.25000
556, 64.250000  51.750000,2.036,51.750000, 64.25000
557, 64.250000  52.250000,1.8034,52.250000, 64.25000
558, 64.250000  52.750000,1.8615,52.750000, 64.25000
559, 64.250000  53.250000,1.8714,53.250000, 64.25000
560, 64.250000  53.750000,1.9145,53.750000, 64.25000
561, 64.250000  54.250000,1.7392,54.250000, 64.25000
562, 64.750000  43.250000,-0.41365,43.250000, 64.75000
563, 64.750000  43.750000,-0.35349,43.750000, 64.75000
564, 64.750000  44.250000,-0.17748,44.250000, 64.75000
565, 64.750000  44.750000,0.064157,44.750000, 64.75000
566, 64.750000  45.250000,0.32564,45.250000, 64.75000
567, 64.750000  45.750000,0.55215,45.750000, 64.75000
568, 64.750000  46.250000,0.40133,46.250000, 64.75000
569, 64.750000  46.750000,0.99237,46.750000, 64.75000
570, 64.750000  47.250000,0.58076,47.250000, 64.75000
571, 64.750000  47.750000,1.4174,47.750000, 64.75000
572, 64.750000  48.250000,1.4436,48.250000, 64.75000
573, 64.750000  48.750000,1.4784,48.750000, 64.75000
574, 64.750000  49.250000,1.3336,49.250000, 64.75000
575, 64.750000  49.750000,0.9767,49.750000, 64.75000
576, 64.750000  50.250000,1.1913,50.250000, 64.75000
577, 64.750000  50.750000,1.788,50.750000, 64.75000
578, 64.750000  51.250000,1.9943,51.250000, 64.75000
579, 64.750000  51.750000,1.6846,51.750000, 64.75000
580, 64.750000  52.250000,1.7842,52.250000, 64.75000
581, 64.750000  52.750000,2.032,52.750000, 64.75000
582, 64.750000  53.250000,1.9304,53.250000, 64.75000
583, 64.750000  53.750000,2.0577,53.750000, 64.75000
584, 64.750000  54.250000,1.7863,54.250000, 64.75000
585, 64.750000  54.750000,1.7876,54.750000, 64.75000
586, 65.250000  43.250000,-0.36615,43.250000, 65.25000
587, 65.250000  43.750000,-0.14855,43.750000, 65.25000
588, 65.250000  44.250000,-0.15293,44.250000, 65.25000
589, 65.250000  44.750000,0.10154,44.750000, 65.25000
590, 65.250000  45.250000,0.11495,45.250000, 65.25000
591, 65.250000  45.750000,0.25774,45.750000, 65.25000
592, 65.250000  46.250000,0.68055,46.250000, 65.25000
593, 65.250000  46.750000,1.06,46.750000, 65.25000
594, 65.250000  47.250000,1.3854,47.250000, 65.25000
595, 65.250000  47.750000,1.4552,47.750000, 65.25000
596, 65.250000  48.250000,1.4174,48.250000, 65.25000
597, 65.250000  48.750000,1.2176,48.750000, 65.25000
598, 65.250000  49.250000,1.1108,49.250000, 65.25000
599, 65.250000  49.750000,0.70306,49.750000, 65.25000
600, 65.250000  50.250000,0.74722,50.250000, 65.25000
601, 65.250000  50.750000,1.5545,50.750000, 65.25000
602, 65.250000  51.250000,1.7556,51.250000, 65.25000
603, 65.250000  51.750000,1.9036,51.750000, 65.25000
604, 65.250000  52.250000,1.7999,52.250000, 65.25000
605, 65.250000  52.750000,1.7532,52.750000, 65.25000
606, 65.250000  53.250000,1.9399,53.250000, 65.25000
607, 65.250000  53.750000,1.901,53.750000, 65.25000
608, 65.250000  54.250000,1.8461,54.250000, 65.25000
609, 65.250000  54.750000,1.7748,54.750000, 65.25000
610, 65.750000  42.750000,-0.74897,42.750000, 65.75000
611, 65.750000  43.250000,-0.54669,43.250000, 65.75000
612, 65.750000  43.750000,-0.12428,43.750000, 65.75000
613, 65.750000  44.250000,-0.10049,44.250000, 65.75000
614, 65.750000  44.750000,0.089879,44.750000, 65.75000
615, 65.750000  45.250000,0.10991,45.250000, 65.75000
616, 65.750000  45.750000,0.59032,45.750000, 65.75000
617, 65.750000  46.250000,0.56445,46.250000, 65.75000
618, 65.750000  46.750000,1.0947,46.750000, 65.75000
619, 65.750000  47.250000,1.6986,47.250000, 65.75000
620, 65.750000  47.750000,1.4293,47.750000, 65.75000
621, 65.750000  48.250000,1.3978,48.250000, 65.75000
622, 65.750000  48.750000,1.2358,48.750000, 65.75000
623, 65.750000  49.250000,1.1333,49.250000, 65.75000
624, 65.750000  49.750000,0.63959,49.750000, 65.75000
625, 65.750000  50.250000,0.86041,50.250000, 65.75000
626, 65.750000  50.750000,1.205,50.750000, 65.75000
627, 65.750000  51.250000,1.2483,51.250000, 65.75000
628, 65.750000  51.750000,1.5303,51.750000, 65.75000
629, 65.750000  52.250000,1.6752,52.250000, 65.75000
630, 65.750000  52.750000,1.6421,52.750000, 65.75000
631, 65.750000  53.250000,1.9469,53.250000, 65.75000
632, 65.750000  53.750000,1.8372,53.750000, 65.75000
633, 65.750000  54.250000,1.8971,54.250000, 65.75000
634, 65.750000  54.750000,1.6263,54.750000, 65.75000
635, 66.250000  41.250000,-1.2591,41.250000, 66.25000
636, 66.250000  41.750000,-1.1097,41.750000, 66.25000
637, 66.250000  42.250000,-0.73867,42.250000, 66.25000
638, 66.250000  42.750000,-0.52294,42.750000, 66.25000
639, 66.250000  43.250000,-0.42893,43.250000, 66.25000
640, 66.250000  43.750000,-0.11132,43.750000, 66.25000
641, 66.250000  44.250000,-0.038955,44.250000, 66.25000
642, 66.250000  44.750000,0.17758,44.750000, 66.25000
643, 66.250000  45.250000,0.15481,45.250000, 66.25000
644, 66.250000  45.750000,0.43152,45.750000, 66.25000
645, 66.250000  46.250000,0.65629,46.250000, 66.25000
646, 66.250000  46.750000,1.3086,46.750000, 66.25000
647, 66.250000  47.250000,1.7421,47.250000, 66.25000
648, 66.250000  47.750000,1.7096,47.750000, 66.25000
649, 66.250000  48.250000,1.1803,48.250000, 66.25000
650, 66.250000  48.750000,1.3209,48.750000, 66.25000
651, 66.250000  49.250000,1.1552,49.250000, 66.25000
652, 66.250000  49.750000,0.73929,49.750000, 66.25000
653, 66.250000  50.250000,1.1153,50.250000, 66.25000
654, 66.250000  50.750000,0.53904,50.750000, 66.25000
655, 66.250000  51.250000,1.276,51.250000, 66.25000
656, 66.250000  51.750000,1.1851,51.750000, 66.25000
657, 66.250000  52.250000,1.3977,52.250000, 66.25000
658, 66.250000  52.750000,1.4922,52.750000, 66.25000
659, 66.250000  53.250000,1.6395,53.250000, 66.25000
660, 66.250000  53.750000,1.82,53.750000, 66.25000
661, 66.250000  54.250000,1.8722,54.250000, 66.25000
662, 66.250000  54.750000,1.8967,54.750000, 66.25000
663, 66.750000  41.250000,-0.95715,41.250000, 66.75000
664, 66.750000  41.750000,-0.97539,41.750000, 66.75000
665, 66.750000  42.250000,-0.70524,42.250000, 66.75000
666, 66.750000  42.750000,-0.53088,42.750000, 66.75000
667, 66.750000  43.250000,-0.28734,43.250000, 66.75000
668, 66.750000  43.750000,0.077214,43.750000, 66.75000
669, 66.750000  44.250000,-0.045326,44.250000, 66.75000
670, 66.750000  44.750000,0.12415,44.750000, 66.75000
671, 66.750000  45.250000,0.48445,45.250000, 66.75000
672, 66.750000  45.750000,0.51669,45.750000, 66.75000
673, 66.750000  46.250000,0.90011,46.250000, 66.75000
674, 66.750000  46.750000,1.4214,46.750000, 66.75000
675, 66.750000  47.250000,1.7227,47.250000, 66.75000
676, 66.750000  47.750000,1.6525,47.750000, 66.75000
677, 66.750000  48.250000,1.4229,48.250000, 66.75000
678, 66.750000  48.750000,1.3429,48.750000, 66.75000
679, 66.750000  49.250000,1.3481,49.250000, 66.75000
680, 66.750000  49.750000,1.1476,49.750000, 66.75000
681, 66.750000  50.250000,1.0157,50.250000, 66.75000
682, 66.750000  50.750000,0.85667,50.750000, 66.75000
683, 66.750000  51.250000,0.70928,51.250000, 66.75000
684, 66.750000  51.750000,1.1344,51.750000, 66.75000
685, 66.750000  52.250000,1.1853,52.250000, 66.75000
686, 66.750000  52.750000,1.532,52.750000, 66.75000
687, 66.750000  53.250000,1.6619,53.250000, 66.75000
688, 66.750000  53.750000,1.7448,53.750000, 66.75000
689, 66.750000  54.250000,1.8773,54.250000, 66.75000
690, 66.750000  54.750000,1.8944,54.750000, 66.75000
691, 67.250000  41.250000,-0.87001,41.250000, 67.25000
692, 67.250000  41.750000,-0.8677,41.750000, 67.25000
693, 67.250000  42.250000,-0.70202,42.250000, 67.25000
694, 67.250000  42.750000,-0.42336,42.750000, 67.25000
695, 67.250000  43.250000,-0.34097,43.250000, 67.25000
696, 67.250000  43.750000,-0.136,43.750000, 67.25000
697, 67.250000  44.250000,0.30392,44.250000, 67.25000
698, 67.250000  44.750000,0.33825,44.750000, 67.25000
699, 67.250000  45.250000,0.21407,45.250000, 67.25000
700, 67.250000  45.750000,0.37262,45.750000, 67.25000
701, 67.250000  46.250000,0.89138,46.250000, 67.25000
702, 67.250000  46.750000,1.3807,46.750000, 67.25000
703, 67.250000  47.250000,1.7061,47.250000, 67.25000
704, 67.250000  47.750000,1.1681,47.750000, 67.25000
705, 67.250000  48.250000,1.175,48.250000, 67.25000
706, 67.250000  48.750000,1.6263,48.750000, 67.25000
707, 67.250000  49.250000,1.4649,49.250000, 67.25000
708, 67.250000  49.750000,1.4574,49.750000, 67.25000
709, 67.250000  50.250000,1.1133,50.250000, 67.25000
710, 67.250000  50.750000,1.069,50.750000, 67.25000
711, 67.250000  51.250000,0.60829,51.250000, 67.25000
712, 67.250000  51.750000,1.4764,51.750000, 67.25000
713, 67.250000  52.250000,1.7266,52.250000, 67.25000
714, 67.250000  52.750000,1.7919,52.750000, 67.25000
715, 67.250000  53.250000,1.9196,53.250000, 67.25000
716, 67.250000  53.750000,1.7597,53.750000, 67.25000
717, 67.250000  54.250000,1.8906,54.250000, 67.25000
718, 67.250000  54.750000,1.8947,54.750000, 67.25000
719, 67.750000  40.750000,-0.81335,40.750000, 67.75000
720, 67.750000  41.250000,-0.69138,41.250000, 67.75000
721, 67.750000  41.750000,-0.56823,41.750000, 67.75000
722, 67.750000  42.250000,-0.52221,42.250000, 67.75000
723, 67.750000  42.750000,-0.49773,42.750000, 67.75000
724, 67.750000  43.250000,-0.17132,43.250000, 67.75000
725, 67.750000  43.750000,0.23715,43.750000, 67.75000
726, 67.750000  44.250000,0.31671,44.250000, 67.75000
727, 67.750000  44.750000,0.24736,44.750000, 67.75000
728, 67.750000  45.250000,0.37329,45.250000, 67.75000
729, 67.750000  45.750000,0.53765,45.750000, 67.75000
730, 67.750000  46.250000,0.86173,46.250000, 67.75000
731, 67.750000  46.750000,1.1596,46.750000, 67.75000
732, 67.750000  47.250000,1.6479,47.250000, 67.75000
733, 67.750000  47.750000,1.1397,47.750000, 67.75000
734, 67.750000  48.250000,1.2707,48.250000, 67.75000
735, 67.750000  48.750000,1.2618,48.750000, 67.75000
736, 67.750000  49.250000,1.6554,49.250000, 67.75000
737, 67.750000  49.750000,1.3974,49.750000, 67.75000
738, 67.750000  50.250000,0.94153,50.250000, 67.75000
739, 67.750000  50.750000,1.0386,50.750000, 67.75000
740, 67.750000  51.250000,1.4096,51.250000, 67.75000
741, 67.750000  51.750000,1.4823,51.750000, 67.75000
742, 67.750000  52.250000,1.7486,52.250000, 67.75000
743, 67.750000  52.750000,1.9233,52.750000, 67.75000
744, 67.750000  53.250000,1.9542,53.250000, 67.75000
745, 67.750000  53.750000,1.8178,53.750000, 67.75000
746, 67.750000  54.250000,1.8018,54.250000, 67.75000
747, 67.750000  54.750000,1.8396,54.750000, 67.75000
748, 68.250000  40.750000,-0.4139,40.750000, 68.25000
749, 68.250000  41.250000,-0.29411,41.250000, 68.25000
750, 68.250000  41.750000,-0.31282,41.750000, 68.25000
751, 68.250000  42.250000,-0.28472,42.250000, 68.25000
752, 68.250000  42.750000,-0.22128,42.750000, 68.25000
753, 68.250000  43.250000,-0.060419,43.250000, 68.25000
754, 68.250000  43.750000,0.32433,43.750000, 68.25000
755, 68.250000  44.250000,0.4504,44.250000, 68.25000
756, 68.250000  44.750000,0.34342,44.750000, 68.25000
757, 68.250000  45.250000,0.2991,45.250000, 68.25000
758, 68.250000  45.750000,0.46464,45.750000, 68.25000
759, 68.250000  46.250000,0.85625,46.250000, 68.25000
760, 68.250000  46.750000,1.1163,46.750000, 68.25000
761, 68.250000  47.250000,1.5076,47.250000, 68.25000
762, 68.250000  47.750000,1.1316,47.750000, 68.25000
763, 68.250000  48.250000,1.3023,48.250000, 68.25000
764, 68.250000  48.750000,0.93683,48.750000, 68.25000
765, 68.250000  49.250000,1.291,49.250000, 68.25000
766, 68.250000  49.750000,1.2538,49.750000, 68.25000
767, 68.250000  50.250000,0.83095,50.250000, 68.25000
768, 68.250000  50.750000,1.2566,50.750000, 68.25000
769, 68.250000  51.250000,1.3653,51.250000, 68.25000
770, 68.250000  51.750000,1.3335,51.750000, 68.25000
771, 68.250000  52.250000,1.697,52.250000, 68.25000
772, 68.250000  52.750000,1.7606,52.750000, 68.25000
773, 68.250000  53.250000,1.7629,53.250000, 68.25000
774, 68.250000  53.750000,1.7499,53.750000, 68.25000
775, 68.250000  54.250000,1.7281,54.250000, 68.25000
776, 68.250000  54.750000,1.8113,54.750000, 68.25000
777, 68.250000  55.250000,2.0179,55.250000, 68.25000
778, 68.750000  40.750000,-0.13038,40.750000, 68.75000
779, 68.750000  41.250000,0.14184,41.250000, 68.75000
780, 68.750000  41.750000,0.12549,41.750000, 68.75000
781, 68.750000  42.250000,0.19076,42.250000, 68.75000
782, 68.750000  42.750000,0.10143,42.750000, 68.75000
783, 68.750000  43.250000,0.25204,43.250000, 68.75000
784, 68.750000  43.750000,0.45737,43.750000, 68.75000
785, 68.750000  44.250000,0.11703,44.250000, 68.75000
786, 68.750000  44.750000,0.058012,44.750000, 68.75000
787, 68.750000  45.250000,0.24994,45.250000, 68.75000
788, 68.750000  45.750000,0.35587,45.750000, 68.75000
789, 68.750000  46.250000,0.7435,46.250000, 68.75000
790, 68.750000  46.750000,1.1531,46.750000, 68.75000
791, 68.750000  47.250000,1.1732,47.250000, 68.75000
792, 68.750000  47.750000,0.81583,47.750000, 68.75000
793, 68.750000  48.250000,1.1277,48.250000, 68.75000
794, 68.750000  48.750000,0.93412,48.750000, 68.75000
795, 68.750000  49.250000,1.2742,49.250000, 68.75000
796, 68.750000  49.750000,0.90541,49.750000, 68.75000
797, 68.750000  50.250000,1.2947,50.250000, 68.75000
798, 68.750000  50.750000,1.3385,50.750000, 68.75000
799, 68.750000  51.250000,1.1427,51.250000, 68.75000
800, 68.750000  51.750000,1.2364,51.750000, 68.75000
801, 68.750000  52.250000,1.5998,52.250000, 68.75000
802, 68.750000  52.750000,1.8944,52.750000, 68.75000
803, 68.750000  53.250000,1.9535,53.250000, 68.75000
804, 68.750000  53.750000,1.7016,53.750000, 68.75000
805, 68.750000  54.250000,1.7695,54.250000, 68.75000
806, 68.750000  54.750000,1.8191,54.750000, 68.75000
807, 68.750000  55.250000,2.0025,55.250000, 68.75000
808, 69.250000  41.250000,0.22431,41.250000, 69.25000
809, 69.250000  41.750000,0.28298,41.750000, 69.25000
810, 69.250000  42.250000,0.32529,42.250000, 69.25000
811, 69.250000  42.750000,0.26848,42.750000, 69.25000
812, 69.250000  43.250000,0.32823,43.250000, 69.25000
813, 69.250000  43.750000,0.42199,43.750000, 69.25000
814, 69.250000  44.250000,0.18913,44.250000, 69.25000
815, 69.250000  44.750000,0.13642,44.750000, 69.25000
816, 69.250000  45.250000,0.15932,45.250000, 69.25000
817, 69.250000  45.750000,0.30979,45.750000, 69.25000
818, 69.250000  46.250000,0.57052,46.250000, 69.25000
819, 69.250000  46.750000,0.95126,46.750000, 69.25000
820, 69.250000  47.250000,1.3376,47.250000, 69.25000
821, 69.250000  47.750000,0.75718,47.750000, 69.25000
822, 69.250000  48.250000,1.0342,48.250000, 69.25000
823, 69.250000  48.750000,0.95479,48.750000, 69.25000
824, 69.250000  49.250000,1.1668,49.250000, 69.25000
825, 69.250000  49.750000,1.0501,49.750000, 69.25000
826, 69.250000  50.250000,1.1038,50.250000, 69.25000
827, 69.250000  50.750000,1.1537,50.750000, 69.25000
828, 69.250000  51.250000,1.1083,51.250000, 69.25000
829, 69.250000  51.750000,1.4304,51.750000, 69.25000
830, 69.250000  52.250000,1.2236,52.250000, 69.25000
831, 69.250000  52.750000,1.6408,52.750000, 69.25000
832, 69.250000  53.250000,2.0197,53.250000, 69.25000
833, 69.250000  53.750000,1.6959,53.750000, 69.25000
834, 69.250000  54.250000,1.8179,54.250000, 69.25000
835, 69.250000  54.750000,1.7316,54.750000, 69.25000
836, 69.250000  55.250000,1.9619,55.250000, 69.25000
837, 69.750000  41.750000,0.62415,41.750000, 69.75000
838, 69.750000  42.250000,0.65424,42.250000, 69.75000
839, 69.750000  42.750000,0.52267,42.750000, 69.75000
840, 69.750000  43.250000,0.53093,43.250000, 69.75000
841, 69.750000  43.750000,0.45065,43.750000, 69.75000
842, 69.750000  44.250000,0.31313,44.250000, 69.75000
843, 69.750000  44.750000,0.061427,44.750000, 69.75000
844, 69.750000  45.250000,0.016265,45.250000, 69.75000
845, 69.750000  45.750000,0.09806,45.750000, 69.75000
846, 69.750000  46.250000,0.69153,46.250000, 69.75000
847, 69.750000  46.750000,0.95014,46.750000, 69.75000
848, 69.750000  47.250000,0.98381,47.250000, 69.75000
849, 69.750000  47.750000,1.101,47.750000, 69.75000
850, 69.750000  48.250000,0.82199,48.250000, 69.75000
851, 69.750000  48.750000,0.94892,48.750000, 69.75000
852, 69.750000  49.250000,1.1157,49.250000, 69.75000
853, 69.750000  49.750000,1.1749,49.750000, 69.75000
854, 69.750000  50.250000,1.3194,50.250000, 69.75000
855, 69.750000  50.750000,1.1794,50.750000, 69.75000
856, 69.750000  51.250000,1.2451,51.250000, 69.75000
857, 69.750000  51.750000,1.2161,51.750000, 69.75000
858, 69.750000  52.250000,1.2529,52.250000, 69.75000
859, 69.750000  52.750000,1.4245,52.750000, 69.75000
860, 69.750000  53.250000,1.5002,53.250000, 69.75000
861, 69.750000  53.750000,1.6738,53.750000, 69.75000
862, 69.750000  54.250000,1.7314,54.250000, 69.75000
863, 69.750000  54.750000,1.6994,54.750000, 69.75000
864, 69.750000  55.250000,1.8563,55.250000, 69.75000
865, 70.250000  41.750000,0.96285,41.750000, 70.25000
866, 70.250000  42.250000,0.92839,42.250000, 70.25000
867, 70.250000  42.750000,0.8278,42.750000, 70.25000
868, 70.250000  43.250000,0.71352,43.250000, 70.25000
869, 70.250000  43.750000,0.50388,43.750000, 70.25000
870, 70.250000  44.250000,0.1553,44.250000, 70.25000
871, 70.250000  44.750000,-0.029359,44.750000, 70.25000
872, 70.250000  45.250000,-0.077516,45.250000, 70.25000
873, 70.250000  45.750000,-0.058191,45.750000, 70.25000
874, 70.250000  46.250000,0.38321,46.250000, 70.25000
875, 70.250000  46.750000,0.8158,46.750000, 70.25000
876, 70.250000  47.250000,0.92216,47.250000, 70.25000
877, 70.250000  47.750000,0.82496,47.750000, 70.25000
878, 70.250000  48.250000,1.0308,48.250000, 70.25000
879, 70.250000  48.750000,0.95847,48.750000, 70.25000
880, 70.250000  49.250000,1.1271,49.250000, 70.25000
881, 70.250000  49.750000,1.2716,49.750000, 70.25000
882, 70.250000  50.250000,1.3355,50.250000, 70.25000
883, 70.250000  50.750000,1.3434,50.750000, 70.25000
884, 70.250000  51.250000,1.2863,51.250000, 70.25000
885, 70.250000  51.750000,1.221,51.750000, 70.25000
886, 70.250000  52.250000,1.5635,52.250000, 70.25000
887, 70.250000  52.750000,1.3792,52.750000, 70.25000
888, 70.250000  53.250000,1.6165,53.250000, 70.25000
889, 70.250000  53.750000,1.7202,53.750000, 70.25000
890, 70.250000  54.250000,1.7921,54.250000, 70.25000
891, 70.250000  54.750000,1.6932,54.750000, 70.25000
892, 70.250000  55.250000,1.8674,55.250000, 70.25000
893, 70.750000  41.750000,1.0543,41.750000, 70.75000
894, 70.750000  42.250000,1.0949,42.250000, 70.75000
895, 70.750000  42.750000,0.90204,42.750000, 70.75000
896, 70.750000  43.250000,0.65825,43.250000, 70.75000
897, 70.750000  43.750000,0.58526,43.750000, 70.75000
898, 70.750000  44.250000,0.3163,44.250000, 70.75000
899, 70.750000  44.750000,0.035887,44.750000, 70.75000
900, 70.750000  45.250000,-0.1228,45.250000, 70.75000
901, 70.750000  45.750000,-0.1413,45.750000, 70.75000
902, 70.750000  46.250000,0.23835,46.250000, 70.75000
903, 70.750000  46.750000,0.71459,46.750000, 70.75000
904, 70.750000  47.250000,0.73669,47.250000, 70.75000
905, 70.750000  47.750000,0.66516,47.750000, 70.75000
906, 70.750000  48.250000,0.56281,48.250000, 70.75000
907, 70.750000  48.750000,0.87049,48.750000, 70.75000
908, 70.750000  49.250000,1.1539,49.250000, 70.75000
909, 70.750000  49.750000,1.105,49.750000, 70.75000
910, 70.750000  50.250000,1.3371,50.250000, 70.75000
911, 70.750000  50.750000,1.4237,50.750000, 70.75000
912, 70.750000  51.250000,1.363,51.250000, 70.75000
913, 70.750000  51.750000,1.3637,51.750000, 70.75000
914, 70.750000  52.250000,1.5686,52.250000, 70.75000
915, 70.750000  52.750000,1.1126,52.750000, 70.75000
916, 70.750000  53.250000,1.6447,53.250000, 70.75000
917, 70.750000  53.750000,1.6921,53.750000, 70.75000
918, 70.750000  54.250000,1.7816,54.250000, 70.75000
919, 70.750000  54.750000,1.6567,54.750000, 70.75000
920, 70.750000  55.250000,1.8599,55.250000, 70.75000
921, 71.250000  42.250000,1.2333,42.250000, 71.25000
922, 71.250000  42.750000,1.0051,42.750000, 71.25000
923, 71.250000  43.250000,0.92735,43.250000, 71.25000
924, 71.250000  43.750000,0.72548,43.750000, 71.25000
925, 71.250000  44.250000,0.43399,44.250000, 71.25000
926, 71.250000  44.750000,0.22029,44.750000, 71.25000
927, 71.250000  45.250000,0.22914,45.250000, 71.25000
928, 71.250000  45.750000,-0.12179,45.750000, 71.25000
929, 71.250000  46.250000,0.29113,46.250000, 71.25000
930, 71.250000  46.750000,0.29559,46.750000, 71.25000
931, 71.250000  47.250000,0.55704,47.250000, 71.25000
932, 71.250000  47.750000,0.23775,47.750000, 71.25000
933, 71.250000  48.250000,0.42691,48.250000, 71.25000
934, 71.250000  48.750000,0.84746,48.750000, 71.25000
935, 71.250000  49.250000,0.99335,49.250000, 71.25000
936, 71.250000  49.750000,1.0329,49.750000, 71.25000
937, 71.250000  50.250000,1.2641,50.250000, 71.25000
938, 71.250000  50.750000,1.5178,50.750000, 71.25000
939, 71.250000  51.250000,1.4548,51.250000, 71.25000
940, 71.250000  51.750000,1.4298,51.750000, 71.25000
941, 71.250000  52.250000,1.4479,52.250000, 71.25000
942, 71.250000  52.750000,1.4542,52.750000, 71.25000
943, 71.250000  53.250000,1.5703,53.250000, 71.25000
944, 71.250000  53.750000,1.6828,53.750000, 71.25000
945, 71.250000  54.250000,1.7568,54.250000, 71.25000
946, 71.250000  54.750000,1.7172,54.750000, 71.25000
947, 71.750000  42.750000,1.3326,42.750000, 71.75000
948, 71.750000  43.250000,0.98625,43.250000, 71.75000
949, 71.750000  43.750000,0.79003,43.750000, 71.75000
950, 71.750000  44.250000,0.5123,44.250000, 71.75000
951, 71.750000  44.750000,0.48794,44.750000, 71.75000
952, 71.750000  45.250000,0.2747,45.250000, 71.75000
953, 71.750000  45.750000,0.040326,45.750000, 71.75000
954, 71.750000  46.250000,0.44555,46.250000, 71.75000
955, 71.750000  46.750000,0.65873,46.750000, 71.75000
956, 71.750000  47.250000,0.5279,47.250000, 71.75000
957, 71.750000  47.750000,0.57995,47.750000, 71.75000
958, 71.750000  48.250000,0.39843,48.250000, 71.75000
959, 71.750000  48.750000,0.5587,48.750000, 71.75000
960, 71.750000  49.250000,0.87975,49.250000, 71.75000
961, 71.750000  49.750000,1.2557,49.750000, 71.75000
962, 71.750000  50.250000,1.4541,50.250000, 71.75000
963, 71.750000  50.750000,1.1018,50.750000, 71.75000
964, 71.750000  51.250000,1.333,51.250000, 71.75000
965, 71.750000  51.750000,1.5239,51.750000, 71.75000
966, 71.750000  52.250000,1.0164,52.250000, 71.75000
967, 71.750000  52.750000,1.4095,52.750000, 71.75000
968, 71.750000  53.250000,1.2769,53.250000, 71.75000
969, 71.750000  53.750000,1.2297,53.750000, 71.75000
970, 71.750000  54.250000,1.4127,54.250000, 71.75000
971, 72.250000  42.750000,1.4501,42.750000, 72.25000
972, 72.250000  43.250000,1.087,43.250000, 72.25000
973, 72.250000  43.750000,1.1758,43.750000, 72.25000
974, 72.250000  44.250000,0.85109,44.250000, 72.25000
975, 72.250000  44.750000,0.57895,44.750000, 72.25000
976, 72.250000  45.250000,0.30432,45.250000, 72.25000
977, 72.250000  45.750000,0.23048,45.750000, 72.25000
978, 72.250000  46.250000,0.71027,46.250000, 72.25000
979, 72.250000  46.750000,0.4731,46.750000, 72.25000
980, 72.250000  47.250000,0.56888,47.250000, 72.25000
981, 72.250000  47.750000,0.60221,47.750000, 72.25000
982, 72.250000  48.250000,0.15695,48.250000, 72.25000
983, 72.250000  48.750000,0.81066,48.750000, 72.25000
984, 72.250000  49.250000,0.90735,49.250000, 72.25000
985, 72.250000  49.750000,1.3391,49.750000, 72.25000
986, 72.250000  50.250000,1.2325,50.250000, 72.25000
987, 72.250000  50.750000,1.2093,50.750000, 72.25000
988, 72.250000  51.250000,1.1544,51.250000, 72.25000
989, 72.250000  51.750000,1.3508,51.750000, 72.25000
990, 72.250000  52.250000,1.3306,52.250000, 72.25000
991, 72.250000  52.750000,1.0547,52.750000, 72.25000
992, 72.250000  53.250000,1.587,53.250000, 72.25000
993, 72.250000  53.750000,1.203,53.750000, 72.25000
994, 72.250000  54.250000,1.4599,54.250000, 72.25000
995, 72.750000  42.250000,1.7143,42.250000, 72.75000
996, 72.750000  42.750000,1.6173,42.750000, 72.75000
997, 72.750000  43.250000,1.4047,43.250000, 72.75000
998, 72.750000  43.750000,1.3523,43.750000, 72.75000
999, 72.750000  44.250000,0.84197,44.250000, 72.75000
1000, 72.750000  44.750000,0.36425,44.750000, 72.75000
1001, 72.750000  45.250000,0.23013,45.250000, 72.75000
1002, 72.750000  45.750000,0.46054,45.750000, 72.75000
1003, 72.750000  46.250000,0.62265,46.250000, 72.75000
1004, 72.750000  46.750000,0.63341,46.750000, 72.75000
1005, 72.750000  47.250000,0.46832,47.250000, 72.75000
1006, 72.750000  47.750000,0.36958,47.750000, 72.75000
1007, 72.750000  48.250000,0.35629,48.250000, 72.75000
1008, 72.750000  48.750000,0.14754,48.750000, 72.75000
1009, 72.750000  49.250000,0.87608,49.250000, 72.75000
1010, 72.750000  49.750000,1.2371,49.750000, 72.75000
1011, 72.750000  50.250000,1.351,50.250000, 72.75000
1012, 72.750000  50.750000,1.322,50.750000, 72.75000
1013, 72.750000  51.250000,1.1274,51.250000, 72.75000
1014, 72.750000  51.750000,1.1367,51.750000, 72.75000
1015, 72.750000  52.250000,1.3658,52.250000, 72.75000
1016, 72.750000  52.750000,1.2094,52.750000, 72.75000
1017, 72.750000  53.250000,1.3712,53.250000, 72.75000
1018, 73.250000  42.250000,1.6279,42.250000, 73.25000
1019, 73.250000  42.750000,1.7071,42.750000, 73.25000
1020, 73.250000  43.250000,1.1788,43.250000, 73.25000
1021, 73.250000  43.750000,1.0802,43.750000, 73.25000
1022, 73.250000  44.250000,0.84841,44.250000, 73.25000
1023, 73.250000  44.750000,0.2296,44.750000, 73.25000
1024, 73.250000  45.250000,0.32894,45.250000, 73.25000
1025, 73.250000  45.750000,0.071417,45.750000, 73.25000
1026, 73.250000  46.250000,0.3608,46.250000, 73.25000
1027, 73.250000  46.750000,0.36566,46.750000, 73.25000
1028, 73.250000  47.250000,0.56883,47.250000, 73.25000
1029, 73.250000  47.750000,0.69178,47.750000, 73.25000
1030, 73.250000  48.250000,0.63341,48.250000, 73.25000
1031, 73.250000  48.750000,0.51859,48.750000, 73.25000
1032, 73.250000  49.250000,0.93105,49.250000, 73.25000
1033, 73.250000  49.750000,1.0892,49.750000, 73.25000
1034, 73.250000  50.250000,1.2732,50.250000, 73.25000
1035, 73.250000  50.750000,1.2152,50.750000, 73.25000
1036, 73.250000  51.250000,1.187,51.250000, 73.25000
1037, 73.250000  51.750000,1.0886,51.750000, 73.25000
1038, 73.250000  52.250000,1.3195,52.250000, 73.25000
1039, 73.250000  52.750000,1.3674,52.750000, 73.25000
1040, 73.250000  53.250000,1.3949,53.250000, 73.25000
1041, 73.250000  53.750000,1.6331,53.750000, 73.25000
1042, 73.750000  42.250000,1.7304,42.250000, 73.75000
1043, 73.750000  42.750000,1.7052,42.750000, 73.75000
1044, 73.750000  43.250000,1.3306,43.250000, 73.75000
1045, 73.750000  43.750000,1.2047,43.750000, 73.75000
1046, 73.750000  44.250000,0.99202,44.250000, 73.75000
1047, 73.750000  44.750000,0.54956,44.750000, 73.75000
1048, 73.750000  45.250000,0.39736,45.250000, 73.75000
1049, 73.750000  45.750000,0.22226,45.750000, 73.75000
1050, 73.750000  46.250000,-0.11803,46.250000, 73.75000
1051, 73.750000  46.750000,0.088746,46.750000, 73.75000
1052, 73.750000  47.250000,0.26547,47.250000, 73.75000
1053, 73.750000  47.750000,0.37271,47.750000, 73.75000
1054, 73.750000  48.250000,0.30628,48.250000, 73.75000
1055, 73.750000  48.750000,0.32188,48.750000, 73.75000
1056, 73.750000  49.250000,0.77777,49.250000, 73.75000
1057, 73.750000  49.750000,1.0617,49.750000, 73.75000
1058, 73.750000  50.250000,1.2681,50.250000, 73.75000
1059, 73.750000  50.750000,1.1543,50.750000, 73.75000
1060, 73.750000  51.250000,0.83534,51.250000, 73.75000
1061, 73.750000  51.750000,1.0736,51.750000, 73.75000
1062, 73.750000  52.250000,1.3733,52.250000, 73.75000
1063, 73.750000  52.750000,1.4839,52.750000, 73.75000
1064, 73.750000  53.250000,1.3481,53.250000, 73.75000
1065, 73.750000  53.750000,1.2951,53.750000, 73.75000
1066, 74.250000  42.750000,1.7429,42.750000, 74.25000
1067, 74.250000  43.250000,1.4792,43.250000, 74.25000
1068, 74.250000  43.750000,1.3926,43.750000, 74.25000
1069, 74.250000  44.250000,1.1604,44.250000, 74.25000
1070, 74.250000  44.750000,0.38707,44.750000, 74.25000
1071, 74.250000  45.250000,0.4634,45.250000, 74.25000
1072, 74.250000  45.750000,0.27041,45.750000, 74.25000
1073, 74.250000  46.250000,0.16056,46.250000, 74.25000
1074, 74.250000  46.750000,0.11554,46.750000, 74.25000
1075, 74.250000  47.250000,0.10504,47.250000, 74.25000
1076, 74.250000  47.750000,-0.12243,47.750000, 74.25000
1077, 74.250000  48.250000,0.24424,48.250000, 74.25000
1078, 74.250000  48.750000,0.55686,48.750000, 74.25000
1079, 74.250000  49.250000,0.42922,49.250000, 74.25000
1080, 74.250000  49.750000,0.67234,49.750000, 74.25000
1081, 74.250000  50.250000,1.1435,50.250000, 74.25000
1082, 74.250000  50.750000,0.9561,50.750000, 74.25000
1083, 74.250000  51.250000,0.71139,51.250000, 74.25000
1084, 74.250000  51.750000,1.0469,51.750000, 74.25000
1085, 74.250000  52.250000,1.1443,52.250000, 74.25000
1086, 74.250000  52.750000,1.4066,52.750000, 74.25000
1087, 74.250000  53.250000,1.3862,53.250000, 74.25000
1088, 74.250000  53.750000,1.054,53.750000, 74.25000
1089, 74.750000  42.750000,1.761,42.750000, 74.75000
1090, 74.750000  43.250000,1.5443,43.250000, 74.75000
1091, 74.750000  43.750000,1.5565,43.750000, 74.75000
1092, 74.750000  44.250000,1.1494,44.250000, 74.75000
1093, 74.750000  44.750000,0.42849,44.750000, 74.75000
1094, 74.750000  45.250000,0.43792,45.250000, 74.75000
1095, 74.750000  45.750000,0.12027,45.750000, 74.75000
1096, 74.750000  46.250000,0.20851,46.250000, 74.75000
1097, 74.750000  46.750000,-0.0016923,46.750000, 74.75000
1098, 74.750000  47.250000,0.028867,47.250000, 74.75000
1099, 74.750000  47.750000,-0.38078,47.750000, 74.75000
1100, 74.750000  48.250000,0.25028,48.250000, 74.75000
1101, 74.750000  48.750000,0.47581,48.750000, 74.75000
1102, 74.750000  49.250000,0.4085,49.250000, 74.75000
1103, 74.750000  49.750000,0.61001,49.750000, 74.75000
1104, 74.750000  50.250000,0.66083,50.250000, 74.75000
1105, 74.750000  50.750000,1.1952,50.750000, 74.75000
1106, 74.750000  51.250000,1.04,51.250000, 74.75000
1107, 74.750000  51.750000,1.5554,51.750000, 74.75000
1108, 74.750000  52.250000,1.4587,52.250000, 74.75000
1109, 74.750000  52.750000,1.4367,52.750000, 74.75000
1110, 74.750000  53.250000,1.3123,53.250000, 74.75000
1111, 74.750000  53.750000,1.1488,53.750000, 74.75000
1112, 75.250000  43.250000,1.5927,43.250000, 75.25000
1113, 75.250000  43.750000,1.6324,43.750000, 75.25000
1114, 75.250000  44.250000,1.0306,44.250000, 75.25000
1115, 75.250000  44.750000,0.45831,44.750000, 75.25000
1116, 75.250000  45.250000,0.49151,45.250000, 75.25000
1117, 75.250000  45.750000,0.1449,45.750000, 75.25000
1118, 75.250000  46.250000,-0.16415,46.250000, 75.25000
1119, 75.250000  46.750000,0.055093,46.750000, 75.25000
1120, 75.250000  47.250000,-0.14896,47.250000, 75.25000
1121, 75.250000  47.750000,-0.067453,47.750000, 75.25000
1122, 75.250000  48.250000,0.23315,48.250000, 75.25000
1123, 75.250000  48.750000,0.46922,48.750000, 75.25000
1124, 75.250000  49.250000,0.69499,49.250000, 75.25000
1125, 75.250000  49.750000,0.45791,49.750000, 75.25000
1126, 75.250000  50.250000,0.99625,50.250000, 75.25000
1127, 75.250000  50.750000,1.3075,50.750000, 75.25000
1128, 75.250000  51.250000,1.1895,51.250000, 75.25000
1129, 75.250000  51.750000,1.1249,51.750000, 75.25000
1130, 75.250000  52.250000,1.4421,52.250000, 75.25000
1131, 75.250000  52.750000,1.4356,52.750000, 75.25000
1132, 75.250000  53.250000,1.2733,53.250000, 75.25000
1133, 75.250000  53.750000,1.0411,53.750000, 75.25000
1134, 75.250000  54.250000,0.92671,54.250000, 75.25000
1135, 75.750000  42.750000,1.644,42.750000, 75.75000
1136, 75.750000  43.250000,1.5611,43.250000, 75.75000
1137, 75.750000  43.750000,1.3792,43.750000, 75.75000
1138, 75.750000  44.250000,1.1487,44.250000, 75.75000
1139, 75.750000  44.750000,0.41207,44.750000, 75.75000
1140, 75.750000  45.250000,0.4348,45.250000, 75.75000
1141, 75.750000  45.750000,0.21073,45.750000, 75.75000
1142, 75.750000  46.250000,-0.063537,46.250000, 75.75000
1143, 75.750000  46.750000,-0.18436,46.750000, 75.75000
1144, 75.750000  47.250000,0.010073,47.250000, 75.75000
1145, 75.750000  47.750000,-0.34726,47.750000, 75.75000
1146, 75.750000  48.250000,0.28078,48.250000, 75.75000
1147, 75.750000  48.750000,0.22585,48.750000, 75.75000
1148, 75.750000  49.250000,0.31112,49.250000, 75.75000
1149, 75.750000  49.750000,0.57254,49.750000, 75.75000
1150, 75.750000  50.250000,0.99449,50.250000, 75.75000
1151, 75.750000  50.750000,1.4179,50.750000, 75.75000
1152, 75.750000  51.250000,1.0184,51.250000, 75.75000
1153, 75.750000  51.750000,1.1595,51.750000, 75.75000
1154, 75.750000  52.250000,1.467,52.250000, 75.75000
1155, 75.750000  52.750000,1.4012,52.750000, 75.75000
1156, 75.750000  53.250000,1.1582,53.250000, 75.75000
1157, 75.750000  53.750000,0.83856,53.750000, 75.75000
1158, 75.750000  54.250000,0.64545,54.250000, 75.75000
1159, 76.250000  42.750000,1.638,42.750000, 76.25000
1160, 76.250000  43.250000,1.4363,43.250000, 76.25000
1161, 76.250000  43.750000,1.2656,43.750000, 76.25000
1162, 76.250000  44.250000,1.0667,44.250000, 76.25000
1163, 76.250000  44.750000,0.6925,44.750000, 76.25000
1164, 76.250000  45.250000,0.35375,45.250000, 76.25000
1165, 76.250000  45.750000,0.25753,45.750000, 76.25000
1166, 76.250000  46.250000,-0.025518,46.250000, 76.25000
1167, 76.250000  46.750000,-0.1371,46.750000, 76.25000
1168, 76.250000  47.250000,-0.018283,47.250000, 76.25000
1169, 76.250000  47.750000,0.054575,47.750000, 76.25000
1170, 76.250000  48.250000,0.04828,48.250000, 76.25000
1171, 76.250000  48.750000,0.29446,48.750000, 76.25000
1172, 76.250000  49.250000,0.29939,49.250000, 76.25000
1173, 76.250000  49.750000,0.93274,49.750000, 76.25000
1174, 76.250000  50.250000,1.0705,50.250000, 76.25000
1175, 76.250000  50.750000,1.3947,50.750000, 76.25000
1176, 76.250000  51.250000,1.2105,51.250000, 76.25000
1177, 76.250000  51.750000,0.91628,51.750000, 76.25000
1178, 76.250000  52.250000,1.4052,52.250000, 76.25000
1179, 76.250000  52.750000,1.2496,52.750000, 76.25000
1180, 76.250000  53.250000,1.1493,53.250000, 76.25000
1181, 76.250000  53.750000,0.78813,53.750000, 76.25000
1182, 76.250000  54.250000,0.73545,54.250000, 76.25000
1183, 76.750000  42.750000,1.6636,42.750000, 76.75000
1184, 76.750000  43.250000,1.3654,43.250000, 76.75000
1185, 76.750000  43.750000,1.1328,43.750000, 76.75000
1186, 76.750000  44.250000,0.72198,44.250000, 76.75000
1187, 76.750000  44.750000,0.73144,44.750000, 76.75000
1188, 76.750000  45.250000,0.19354,45.250000, 76.75000
1189, 76.750000  45.750000,0.038574,45.750000, 76.75000
1190, 76.750000  46.250000,-0.031245,46.250000, 76.75000
1191, 76.750000  46.750000,-0.11967,46.750000, 76.75000
1192, 76.750000  47.250000,0.057246,47.250000, 76.75000
1193, 76.750000  47.750000,0.1423,47.750000, 76.75000
1194, 76.750000  48.250000,0.20784,48.250000, 76.75000
1195, 76.750000  48.750000,0.3027,48.750000, 76.75000
1196, 76.750000  49.250000,0.36125,49.250000, 76.75000
1197, 76.750000  49.750000,0.88791,49.750000, 76.75000
1198, 76.750000  50.250000,1.2,50.250000, 76.75000
1199, 76.750000  50.750000,1.3497,50.750000, 76.75000
1200, 76.750000  51.250000,1.0597,51.250000, 76.75000
1201, 76.750000  51.750000,1.1831,51.750000, 76.75000
1202, 76.750000  52.250000,1.3438,52.250000, 76.75000
1203, 76.750000  52.750000,1.2446,52.750000, 76.75000
1204, 76.750000  53.250000,0.92563,53.250000, 76.75000
1205, 76.750000  53.750000,0.60776,53.750000, 76.75000
1206, 76.750000  54.250000,0.505,54.250000, 76.75000
1207, 77.250000  42.750000,1.3129,42.750000, 77.25000
1208, 77.250000  43.250000,1.1281,43.250000, 77.25000
1209, 77.250000  43.750000,1.0044,43.750000, 77.25000
1210, 77.250000  44.250000,0.52609,44.250000, 77.25000
1211, 77.250000  44.750000,0.34024,44.750000, 77.25000
1212, 77.250000  45.250000,0.084062,45.250000, 77.25000
1213, 77.250000  45.750000,0.070955,45.750000, 77.25000
1214, 77.250000  46.250000,-0.013481,46.250000, 77.25000
1215, 77.250000  46.750000,-0.15316,46.750000, 77.25000
1216, 77.250000  47.250000,0.050718,47.250000, 77.25000
1217, 77.250000  47.750000,0.23719,47.750000, 77.25000
1218, 77.250000  48.250000,-0.007408,48.250000, 77.25000
1219, 77.250000  48.750000,0.27846,48.750000, 77.25000
1220, 77.250000  49.250000,0.64306,49.250000, 77.25000
1221, 77.250000  49.750000,1.1386,49.750000, 77.25000
1222, 77.250000  50.250000,1.284,50.250000, 77.25000
1223, 77.250000  50.750000,1.1074,50.750000, 77.25000
1224, 77.250000  51.250000,1.4923,51.250000, 77.25000
1225, 77.250000  51.750000,1.4321,51.750000, 77.25000
1226, 77.250000  52.250000,1.3643,52.250000, 77.25000
1227, 77.250000  52.750000,1.2146,52.750000, 77.25000
1228, 77.250000  53.250000,0.86633,53.250000, 77.25000
1229, 77.250000  53.750000,0.65461,53.750000, 77.25000
1230, 77.750000  42.750000,1.0113,42.750000, 77.75000
1231, 77.750000  43.250000,0.98858,43.250000, 77.75000
1232, 77.750000  43.750000,0.43708,43.750000, 77.75000
1233, 77.750000  44.250000,0.50119,44.250000, 77.75000
1234, 77.750000  44.750000,0.37735,44.750000, 77.75000
1235, 77.750000  45.250000,0.058078,45.250000, 77.75000
1236, 77.750000  45.750000,-0.13661,45.750000, 77.75000
1237, 77.750000  46.250000,-0.37006,46.250000, 77.75000
1238, 77.750000  46.750000,-0.19273,46.750000, 77.75000
1239, 77.750000  47.250000,0.22091,47.250000, 77.75000
1240, 77.750000  47.750000,0.54224,47.750000, 77.75000
1241, 77.750000  48.250000,0.36868,48.250000, 77.75000
1242, 77.750000  48.750000,0.54545,48.750000, 77.75000
1243, 77.750000  49.250000,0.74371,49.250000, 77.75000
1244, 77.750000  49.750000,1.4468,49.750000, 77.75000
1245, 77.750000  50.250000,1.4488,50.250000, 77.75000
1246, 77.750000  50.750000,1.1272,50.750000, 77.75000
1247, 77.750000  51.250000,1.6264,51.250000, 77.75000
1248, 77.750000  51.750000,1.2685,51.750000, 77.75000
1249, 77.750000  52.250000,1.5271,52.250000, 77.75000
1250, 77.750000  52.750000,1.258,52.750000, 77.75000
1251, 77.750000  53.250000,0.94304,53.250000, 77.75000
1252, 77.750000  53.750000,0.69657,53.750000, 77.75000
1253, 78.250000  42.750000,0.78731,42.750000, 78.25000
1254, 78.250000  43.250000,0.80658,43.250000, 78.25000
1255, 78.250000  43.750000,0.2495,43.750000, 78.25000
1256, 78.250000  44.250000,0.53434,44.250000, 78.25000
1257, 78.250000  44.750000,0.53458,44.750000, 78.25000
1258, 78.250000  45.250000,0.12725,45.250000, 78.25000
1259, 78.250000  45.750000,-0.13232,45.750000, 78.25000
1260, 78.250000  46.250000,-0.3943,46.250000, 78.25000
1261, 78.250000  46.750000,-0.13173,46.750000, 78.25000
1262, 78.250000  47.250000,0.28558,47.250000, 78.25000
1263, 78.250000  47.750000,0.42106,47.750000, 78.25000
1264, 78.250000  48.250000,0.38313,48.250000, 78.25000
1265, 78.250000  48.750000,0.7789,48.750000, 78.25000
1266, 78.250000  49.250000,1.297,49.250000, 78.25000
1267, 78.250000  49.750000,1.4176,49.750000, 78.25000
1268, 78.250000  50.250000,1.6996,50.250000, 78.25000
1269, 78.250000  50.750000,1.6844,50.750000, 78.25000
1270, 78.250000  51.250000,1.556,51.250000, 78.25000
1271, 78.250000  51.750000,1.715,51.750000, 78.25000
1272, 78.250000  52.250000,1.5532,52.250000, 78.25000
1273, 78.250000  52.750000,1.323,52.750000, 78.25000
1274, 78.250000  53.250000,0.98613,53.250000, 78.25000
1275, 78.750000  42.750000,0.86434,42.750000, 78.75000
1276, 78.750000  43.250000,0.38707,43.250000, 78.75000
1277, 78.750000  43.750000,0.17367,43.750000, 78.75000
1278, 78.750000  44.250000,0.76612,44.250000, 78.75000
1279, 78.750000  44.750000,0.73656,44.750000, 78.75000
1280, 78.750000  45.250000,0.14451,45.250000, 78.75000
1281, 78.750000  45.750000,-0.11962,45.750000, 78.75000
1282, 78.750000  46.250000,-0.21914,46.250000, 78.75000
1283, 78.750000  46.750000,0.029544,46.750000, 78.75000
1284, 78.750000  47.250000,0.23157,47.250000, 78.75000
1285, 78.750000  47.750000,0.45609,47.750000, 78.75000
1286, 78.750000  48.250000,0.91334,48.250000, 78.75000
1287, 78.750000  48.750000,1.1481,48.750000, 78.75000
1288, 78.750000  49.250000,1.4952,49.250000, 78.75000
1289, 78.750000  49.750000,1.83,49.750000, 78.75000
1290, 78.750000  50.250000,1.6422,50.250000, 78.75000
1291, 78.750000  50.750000,1.767,50.750000, 78.75000
1292, 78.750000  51.250000,1.6621,51.250000, 78.75000
1293, 78.750000  51.750000,1.7574,51.750000, 78.75000
1294, 78.750000  52.250000,1.981,52.250000, 78.75000
1295, 79.250000  42.250000,0.91014,42.250000, 79.25000
1296, 79.250000  42.750000,0.53215,42.750000, 79.25000
1297, 79.250000  43.250000,0.061694,43.250000, 79.25000
1298, 79.250000  43.750000,-0.47839,43.750000, 79.25000
1299, 79.250000  44.250000,0.18948,44.250000, 79.25000
1300, 79.250000  44.750000,0.8745,44.750000, 79.25000
1301, 79.250000  45.250000,0.27856,45.250000, 79.25000
1302, 79.250000  45.750000,-0.12077,45.750000, 79.25000
1303, 79.250000  46.250000,-0.022143,46.250000, 79.25000
1304, 79.250000  46.750000,-0.0086254,46.750000, 79.25000
1305, 79.250000  47.250000,0.12292,47.250000, 79.25000
1306, 79.250000  47.750000,0.49377,47.750000, 79.25000
1307, 79.250000  48.250000,1.1747,48.250000, 79.25000
1308, 79.250000  48.750000,1.3098,48.750000, 79.25000
1309, 79.250000  49.250000,1.5194,49.250000, 79.25000
1310, 79.250000  49.750000,1.7375,49.750000, 79.25000
1311, 79.250000  50.250000,1.6928,50.250000, 79.25000
1312, 79.250000  50.750000,1.5491,50.750000, 79.25000
1313, 79.250000  51.250000,1.6868,51.250000, 79.25000
1314, 79.250000  51.750000,1.6359,51.750000, 79.25000
1315, 79.250000  52.250000,1.5679,52.250000, 79.25000
1316, 79.750000  42.250000,0.69571,42.250000, 79.75000
1317, 79.750000  42.750000,0.071568,42.750000, 79.75000
1318, 79.750000  43.250000,-0.059062,43.250000, 79.75000
1319, 79.750000  43.750000,-0.74013,43.750000, 79.75000
1320, 79.750000  44.250000,-0.18407,44.250000, 79.75000
1321, 79.750000  44.750000,1.0215,44.750000, 79.75000
1322, 79.750000  45.250000,0.21506,45.250000, 79.75000
1323, 79.750000  45.750000,-0.40429,45.750000, 79.75000
1324, 79.750000  46.250000,0.058059,46.250000, 79.75000
1325, 79.750000  46.750000,0.027533,46.750000, 79.75000
1326, 79.750000  47.250000,0.46056,47.250000, 79.75000
1327, 79.750000  47.750000,0.97263,47.750000, 79.75000
1328, 79.750000  48.250000,1.3779,48.250000, 79.75000
1329, 79.750000  48.750000,1.3733,48.750000, 79.75000
1330, 79.750000  49.250000,1.5314,49.250000, 79.75000
1331, 79.750000  49.750000,1.8306,49.750000, 79.75000
1332, 79.750000  50.250000,1.6097,50.250000, 79.75000
1333, 79.750000  50.750000,1.6767,50.750000, 79.75000
1334, 79.750000  51.250000,1.8271,51.250000, 79.75000
1335, 79.750000  51.750000,1.8279,51.750000, 79.75000
1336, 80.250000  42.250000,0.94807,42.250000, 80.25000
1337, 80.250000  42.750000,-0.51133,42.750000, 80.25000
1338, 80.250000  43.250000,-0.29585,43.250000, 80.25000
1339, 80.250000  43.750000,-0.94632,43.750000, 80.25000
1340, 80.250000  44.250000,-0.21141,44.250000, 80.25000
1341, 80.250000  44.750000,1.0444,44.750000, 80.25000
1342, 80.250000  45.250000,0.17554,45.250000, 80.25000
1343, 80.250000  45.750000,-0.28984,45.750000, 80.25000
1344, 80.250000  46.250000,-0.12205,46.250000, 80.25000
1345, 80.250000  46.750000,-0.06645,46.750000, 80.25000
1346, 80.250000  47.250000,0.49904,47.250000, 80.25000
1347, 80.250000  47.750000,1.1016,47.750000, 80.25000
1348, 80.250000  48.250000,1.5751,48.250000, 80.25000
1349, 80.250000  48.750000,1.5633,48.750000, 80.25000
1350, 80.250000  49.250000,1.6872,49.250000, 80.25000
1351, 80.250000  49.750000,1.8113,49.750000, 80.25000
1352, 80.250000  50.250000,1.6817,50.250000, 80.25000
1353, 80.250000  50.750000,1.7614,50.750000, 80.25000
1354, 80.250000  51.250000,1.9126,51.250000, 80.25000
1355, 80.750000  42.250000,0.32781,42.250000, 80.75000
1356, 80.750000  42.750000,-0.67861,42.750000, 80.75000
1357, 80.750000  43.250000,-0.33258,43.250000, 80.75000
1358, 80.750000  43.750000,-0.99519,43.750000, 80.75000
1359, 80.750000  44.250000,-0.62676,44.250000, 80.75000
1360, 80.750000  44.750000,0.72603,44.750000, 80.75000
1361, 80.750000  45.250000,0.56624,45.250000, 80.75000
1362, 80.750000  45.750000,-0.13974,45.750000, 80.75000
1363, 80.750000  46.250000,-0.37634,46.250000, 80.75000
1364, 80.750000  46.750000,-0.06726,46.750000, 80.75000
1365, 80.750000  47.250000,0.81981,47.250000, 80.75000
1366, 80.750000  47.750000,1.3044,47.750000, 80.75000
1367, 80.750000  48.250000,1.5855,48.250000, 80.75000
1368, 80.750000  48.750000,1.6095,48.750000, 80.75000
1369, 80.750000  49.250000,1.6695,49.250000, 80.75000
1370, 80.750000  49.750000,1.7568,49.750000, 80.75000
1371, 80.750000  50.250000,1.7552,50.250000, 80.75000
1372, 80.750000  50.750000,1.8249,50.750000, 80.75000
1373, 80.750000  51.250000,1.7756,51.250000, 80.75000
1374, 81.250000  45.250000,0.23102,45.250000, 81.25000
1375, 81.250000  45.750000,0.16973,45.750000, 81.25000
1376, 81.250000  46.250000,-0.44955,46.250000, 81.25000
1377, 81.250000  46.750000,0.047153,46.750000, 81.25000
1378, 81.250000  47.250000,0.8803,47.250000, 81.25000
1379, 81.250000  47.750000,1.4305,47.750000, 81.25000
1380, 81.250000  48.250000,1.4409,48.250000, 81.25000
1381, 81.250000  48.750000,1.625,48.750000, 81.25000
1382, 81.250000  49.250000,1.6121,49.250000, 81.25000
1383, 81.250000  49.750000,1.5939,49.750000, 81.25000
1384, 81.250000  50.250000,1.6094,50.250000, 81.25000
1385, 81.250000  50.750000,1.7342,50.750000, 81.25000
1386, 81.250000  51.250000,1.749,51.250000, 81.25000
1387, 81.750000  45.250000,-0.036576,45.250000, 81.75000
1388, 81.750000  45.750000,-0.22676,45.750000, 81.75000
1389, 81.750000  46.250000,-0.49515,46.250000, 81.75000
1390, 81.750000  46.750000,-0.10997,46.750000, 81.75000
1391, 81.750000  47.250000,0.90513,47.250000, 81.75000
1392, 81.750000  47.750000,1.29,47.750000, 81.75000
1393, 81.750000  48.250000,1.4376,48.250000, 81.75000
1394, 81.750000  48.750000,1.5492,48.750000, 81.75000
1395, 81.750000  49.250000,1.558,49.250000, 81.75000
1396, 81.750000  49.750000,1.6316,49.750000, 81.75000
1397, 81.750000  50.250000,1.7179,50.250000, 81.75000
1398, 81.750000  50.750000,1.786,50.750000, 81.75000
1399, 82.250000  44.750000,-1.1488,44.750000, 82.25000
1400, 82.250000  45.250000,-0.70729,45.250000, 82.25000
1401, 82.250000  45.750000,-0.72323,45.750000, 82.25000
1402, 82.250000  46.250000,-0.34953,46.250000, 82.25000
1403, 82.250000  46.750000,-0.094023,46.750000, 82.25000
1404, 82.250000  47.250000,1.0516,47.250000, 82.25000
1405, 82.250000  47.750000,1.1578,47.750000, 82.25000
1406, 82.250000  48.250000,1.1863,48.250000, 82.25000
1407, 82.250000  48.750000,1.3725,48.750000, 82.25000
1408, 82.250000  49.250000,1.7137,49.250000, 82.25000
1409, 82.250000  49.750000,1.6885,49.750000, 82.25000
1410, 82.250000  50.250000,1.7099,50.250000, 82.25000
1411, 82.250000  50.750000,1.7818,50.750000, 82.25000
1412, 82.750000  44.750000,-1.3072,44.750000, 82.75000
1413, 82.750000  45.250000,-1.0914,45.250000, 82.75000
1414, 82.750000  45.750000,-0.024867,45.750000, 82.75000
1415, 82.750000  46.250000,-0.31153,46.250000, 82.75000
1416, 82.750000  46.750000,0.15295,46.750000, 82.75000
1417, 82.750000  47.250000,1.1957,47.250000, 82.75000
1418, 82.750000  47.750000,0.99396,47.750000, 82.75000
1419, 82.750000  48.250000,0.9998,48.250000, 82.75000
1420, 82.750000  48.750000,1.2649,48.750000, 82.75000
1421, 82.750000  49.250000,1.4558,49.250000, 82.75000
1422, 82.750000  49.750000,1.5872,49.750000, 82.75000
1423, 82.750000  50.250000,1.6933,50.250000, 82.75000
1424, 82.750000  50.750000,1.9059,50.750000, 82.75000
1425, 83.250000  46.750000,0.32955,46.750000, 83.25000
1426, 83.250000  47.250000,1.0449,47.250000, 83.25000
1427, 83.250000  47.750000,0.86881,47.750000, 83.25000
1428, 83.250000  48.250000,1.0395,48.250000, 83.25000
1429, 83.250000  48.750000,1.2817,48.750000, 83.25000
1430, 83.250000  49.250000,1.3686,49.250000, 83.25000
1431, 83.250000  49.750000,1.6393,49.750000, 83.25000
1432, 83.250000  50.250000,1.7916,50.250000, 83.25000
1433, 83.250000  50.750000,1.9125,50.750000, 83.25000
1434, 83.750000  46.750000,0.20883,46.750000, 83.75000
1435, 83.750000  47.250000,0.7085,47.250000, 83.75000
1436, 83.750000  47.750000,0.67898,47.750000, 83.75000
1437, 83.750000  48.250000,0.89165,48.250000, 83.75000
1438, 83.750000  48.750000,1.0848,48.750000, 83.75000
1439, 83.750000  49.250000,1.2422,49.250000, 83.75000
1440, 83.750000  49.750000,1.634,49.750000, 83.75000
1441, 83.750000  50.250000,1.8993,50.250000, 83.75000
1442, 83.750000  50.750000,1.9448,50.750000, 83.75000
1443, 84.250000  46.750000,0.85549,46.750000, 84.25000
1444, 84.250000  47.250000,0.63075,47.250000, 84.25000
1445, 84.250000  47.750000,0.50411,47.750000, 84.25000
1446, 84.250000  48.250000,0.70849,48.250000, 84.25000
1447, 84.250000  48.750000,1.1589,48.750000, 84.25000
1448, 84.250000  49.250000,0.73495,49.250000, 84.25000
1449, 84.250000  49.750000,1.2646,49.750000, 84.25000
1450, 84.250000  50.250000,1.8527,50.250000, 84.25000
1451, 84.250000  50.750000,1.9403,50.750000, 84.25000
1452, 84.750000  46.750000,0.78331,46.750000, 84.75000
1453, 84.750000  47.250000,0.71748,47.250000, 84.75000
1454, 84.750000  47.750000,0.45037,47.750000, 84.75000
1455, 84.750000  48.250000,0.75614,48.250000, 84.75000
1456, 84.750000  48.750000,1.1855,48.750000, 84.75000
1457, 84.750000  49.250000,0.89535,49.250000, 84.75000
1458, 84.750000  49.750000,1.0607,49.750000, 84.75000
1459, 84.750000  50.250000,1.6984,50.250000, 84.75000
1460, 85.250000  46.750000,0.33031,46.750000, 85.25000
1461, 85.250000  47.250000,0.72016,47.250000, 85.25000
1462, 85.250000  47.750000,-0.50498,47.750000, 85.25000
1463, 85.250000  48.250000,-0.05696,48.250000, 85.25000
1464, 85.250000  48.750000,1.0792,48.750000, 85.25000
1465, 85.250000  49.250000,0.74524,49.250000, 85.25000
1466, 85.250000  49.750000,0.94174,49.750000, 85.25000
1467, 85.250000  50.250000,1.235,50.250000, 85.25000
1468, 85.750000  48.250000,-0.27725,48.250000, 85.75000
1469, 85.750000  48.750000,1.1528,48.750000, 85.75000
1470, 85.750000  49.250000,0.90274,49.250000, 85.75000
1471, 85.750000  49.750000,1.3847,49.750000, 85.75000
1472, 86.250000  48.250000,-0.49476,48.250000, 86.25000
1473, 86.250000  48.750000,0.61181,48.750000, 86.25000
1474, 86.250000  49.250000,1.0434,49.250000, 86.25000
1475, 86.250000  49.750000,1.4847,49.750000, 86.25000
1476, 86.750000  48.750000,0.69478,48.750000, 86.75000
1477, 86.750000  49.250000,1.0788,49.250000, 86.75000
1478, 86.750000  49.750000,1.5528,49.750000, 86.75000
1479, 87.250000  49.250000,0.79438,49.250000, 87.25000
1480, 87.750000  49.250000,0.98182,49.250000, 87.75000
